bosdicetokem_transfer,eosjacksjack_claimbos,bosmixsystem_claim,eosio_delegatebw,eosjacksjack_stand,mncldgmrcgyq_redeem,bosdicelogss_result,eosio.token_transfer,bosioakdexio_submit,eosio_buyrambytes,mncldgmrcgyq_getfree,wfdqccpfoplr_transfer,eosio_updateauth,eosjacksjack_hit,onebosonebos_claim,eosjackscoin_transfer,eosjacksdice_diceresult,eosio_sellram,eosio_newaccount,eosjacksjack_jackresult,bosdicetokem_open,bosdicepool2_claim,bosmixsystem_transfer,onebosonebos_transfer,bosjoygame1b_entergame,bosdiceadmin_draw,account
0,0,0,0,0,2,0,1,0,0,2,2,0,0,17,0,0,0,0,0,0,0,0,26,0,0,1daoshandian
0,0,0,0,0,2,0,1,0,0,2,2,0,0,17,0,0,0,0,0,0,0,0,26,0,0,1eostheworld
0,0,0,0,0,1,0,0,0,0,1,1,0,0,6,0,0,0,0,0,0,0,3,38,0,0,1steconomist
0,0,0,0,0,2,0,1,0,0,2,2,0,0,17,0,0,0,0,0,0,0,0,26,0,0,21centuryeos
0,0,0,0,0,1,0,3,0,0,1,1,0,0,5,0,0,0,0,0,0,0,3,36,0,0,2ndeoswallet
0,0,0,0,0,1,0,0,0,0,1,1,0,0,6,0,0,0,0,0,0,0,3,38,0,0,3rdboswallet
0,0,0,0,0,1,0,2,0,0,1,1,0,0,5,0,0,0,0,0,0,0,1,39,0,0,3rdeoswallet
0,0,0,0,0,1,0,0,0,0,1,1,0,0,7,0,0,0,0,0,0,0,3,37,0,0,4thboswallet
0,0,0,0,0,1,0,0,0,0,1,1,0,0,7,0,0,0,0,0,0,0,3,37,0,0,4theoswallet
0,0,0,0,0,1,0,0,0,0,1,1,0,0,7,0,0,0,0,0,0,0,3,37,0,0,5thboswallet
0,0,0,0,0,1,0,1,0,0,1,1,0,0,15,0,0,0,0,0,0,0,0,31,0,0,a4paperwaist
0,0,0,0,0,2,0,0,0,0,2,2,0,0,17,0,0,0,0,0,0,0,0,27,0,0,aaaaaahhhhhh
0,0,0,0,0,1,0,0,0,0,1,1,0,0,6,0,0,0,0,0,0,0,3,38,0,0,aaaaggggeeee
0,0,0,0,0,1,0,0,0,0,1,1,0,0,7,0,0,0,0,0,0,0,3,37,0,0,aaaaiiiirrrr
0,0,0,0,0,2,0,1,0,0,2,2,0,0,17,0,0,0,0,0,0,0,0,26,0,0,ableableable
0,0,0,0,0,2,0,1,0,0,2,2,0,0,17,0,0,0,0,0,0,0,0,26,0,0,actionsspeak
0,0,0,0,0,1,0,3,0,0,1,1,0,0,7,0,0,0,0,0,0,0,3,34,0,0,adrewjackson
0,0,0,0,0,0,0,49,0,0,0,0,0,0,0,0,0,0,0,0,0,0,0,0,1,0,adwhkxtpzaiz
0,0,0,0,0,2,0,1,0,0,2,2,0,0,16,0,0,0,0,0,0,0,0,27,0,0,againstchina
0,0,0,0,0,2,0,1,0,0,2,2,0,0,17,0,0,0,0,0,0,0,0,26,0,0,againstindia
0,0,0,0,0,1,0,4,0,0,1,1,0,0,13,0,0,0,0,0,0,0,0,30,0,0,againstjapan
0,0,0,0,0,2,0,1,0,0,2,2,0,0,16,0,0,0,0,0,0,0,0,27,0,0,againstkorea
0,0,0,0,0,2,0,1,0,0,2,2,0,0,17,0,0,0,0,0,0,0,0,26,0,0,ahhhhhhhhhhh
0,0,0,0,0,2,0,1,0,0,2,2,0,0,16,0,0,0,0,0,0,0,0,27,0,0,airforcehero
0,0,0,0,0,2,0,1,0,0,2,2,0,0,17,0,0,0,0,0,0,0,0,26,0,0,airmanjordan
0,0,0,0,0,2,0,1,0,0,2,2,0,0,16,0,0,0,0,0,0,0,0,27,0,0,aisihangzhou
0,0,0,0,0,2,0,1,0,0,2,2,0,0,17,0,0,0,0,0,0,0,0,26,0,0,alcoholkills
2,0,0,0,0,0,3,44,0,0,0,0,0,0,0,0,0,0,0,0,0,0,0,0,1,0,alexlqkeowqa
3,0,0,0,0,0,3,44,0,0,0,0,0,0,0,0,0,0,0,0,0,0,0,0,0,0,alhxnhjcdzmu
0,0,0,0,0,1,0,2,0,0,1,1,0,0,14,0,0,0,0,0,0,0,0,31,0,0,alibabastore
0,0,0,0,0,1,0,1,0,0,1,1,0,0,6,0,0,0,0,0,0,0,0,40,0,0,alloveragain
0,0,0,0,0,2,0,1,0,0,2,2,0,0,16,0,0,0,0,0,0,0,0,27,0,0,allshallwell
0,0,0,0,0,1,0,2,0,0,1,1,0,0,14,0,0,0,0,0,0,0,0,31,0,0,allyourheart
0,0,0,0,0,1,0,3,0,0,1,1,0,0,6,0,0,0,0,0,0,0,3,35,0,0,almightydpos
0,0,0,0,0,1,0,3,0,0,1,1,0,0,5,0,0,0,0,0,0,0,3,36,0,0,amauctioneer
0,0,0,0,0,2,0,1,0,0,2,2,0,0,17,0,0,0,0,0,0,0,0,26,0,0,americanshow
0,0,0,0,0,2,0,1,0,0,2,2,0,0,17,0,0,0,0,0,0,0,0,26,0,0,anchoringbtc
0,0,0,0,0,2,0,1,0,0,2,2,0,0,17,0,0,0,0,0,0,0,0,26,0,0,anchoringcny
0,0,0,0,0,2,0,1,0,0,2,2,0,0,17,0,0,0,0,0,0,0,0,26,0,0,anchoringeos
0,0,0,0,0,2,0,1,0,0,2,2,0,0,17,0,0,0,0,0,0,0,0,26,0,0,anchoringeth
0,0,0,0,0,2,0,1,0,0,2,2,0,0,17,0,0,0,0,0,0,0,0,26,0,0,anchoringusd
0,0,0,0,0,2,0,1,0,0,2,2,0,0,17,0,0,0,0,0,0,0,0,26,0,0,antfinmarket
0,0,0,0,0,2,0,1,0,0,2,2,0,0,17,0,0,0,0,0,0,0,0,26,0,0,antsidechain
3,0,0,0,0,0,3,42,0,0,0,0,2,0,0,0,0,0,0,0,0,0,0,0,0,0,aotgnmlzeitf
0,0,0,0,0,1,0,3,0,0,1,1,0,0,6,0,0,0,0,0,0,0,3,35,0,0,apachewallet
0,0,0,0,0,2,0,1,0,0,2,2,0,0,16,0,0,0,0,0,0,0,0,27,0,0,applebackend
0,0,0,0,0,1,0,0,0,0,1,1,0,0,6,0,0,0,0,0,0,0,3,38,0,0,artificially
0,0,0,0,0,1,0,2,0,0,1,1,0,0,14,0,0,0,0,0,0,0,0,31,0,0,artistwallet
0,0,0,0,0,1,0,0,0,0,1,1,0,0,7,0,0,0,0,0,0,0,3,37,0,0,asdfasdfasdf
0,0,0,0,0,2,0,1,0,0,2,2,0,0,16,0,0,0,0,0,0,0,0,27,0,0,atlasquantum
0,0,0,0,0,1,0,3,0,0,1,1,0,0,6,0,0,0,0,0,0,0,3,35,0,0,autumnwallet
3,0,0,0,0,0,3,43,0,0,0,0,1,0,0,0,0,0,0,0,0,0,0,0,0,0,awhwljzjqgmb
0,0,0,0,0,2,0,1,0,0,2,2,0,0,17,0,0,0,0,0,0,0,0,26,0,0,babybabybaby
0,0,0,0,0,2,0,1,0,0,2,2,0,0,17,0,0,0,0,0,0,0,0,26,0,0,babyverygood
0,0,0,0,0,2,0,1,0,0,2,2,0,0,16,0,0,0,0,0,0,0,0,27,0,0,backupwallet
0,0,0,0,0,2,0,1,0,0,2,2,0,0,17,0,0,0,0,0,0,0,0,26,0,0,balancechain
0,0,0,0,0,1,0,2,0,0,1,1,0,0,13,0,0,0,0,0,0,0,0,32,0,0,banlancelife
0,0,0,0,0,2,0,1,0,0,2,2,0,0,17,0,0,0,0,0,0,0,0,26,0,0,baobeikuaile
0,0,0,0,0,2,0,1,0,0,2,2,0,0,16,0,0,0,0,0,0,0,0,27,0,0,baoxianlipei
0,0,0,0,0,2,0,1,0,0,2,2,0,0,15,0,0,0,0,0,0,0,0,28,0,0,baozoumanhua
0,0,0,0,0,2,0,1,0,0,2,2,0,0,16,0,0,0,0,0,0,0,0,27,0,0,basebasebase
0,0,0,0,0,2,0,1,0,0,2,2,0,0,16,0,0,0,0,0,0,0,0,27,0,0,bathedinblue
0,0,0,0,0,2,0,1,0,0,2,2,0,0,16,0,0,0,0,0,0,0,0,27,0,0,battlecastle
0,0,0,0,0,1,0,0,0,0,1,1,0,0,6,0,0,0,0,0,0,0,3,38,0,0,bbbbaaaarrrr
0,0,0,0,0,1,0,0,0,0,1,1,0,0,6,0,0,0,0,0,0,0,3,38,0,0,bbbbaaaayyyy
0,0,0,0,0,1,0,0,0,0,1,1,0,0,6,0,0,0,0,0,0,0,3,38,0,0,bbbbeeeegggg
0,0,0,0,0,1,0,0,0,0,1,1,0,0,7,0,0,0,0,0,0,0,3,37,0,0,bbbbiiiitttt
0,0,0,0,0,1,0,1,0,0,1,1,0,0,5,0,0,0,0,0,0,0,2,39,0,0,bbbbiiiizzzz
0,0,0,0,0,1,0,3,0,0,1,1,0,0,6,0,0,0,0,0,0,0,3,35,0,0,bbbbuuuussss
0,0,0,0,0,1,0,0,0,0,1,1,0,0,7,0,0,0,0,0,0,0,3,37,0,0,bbbbuuuutttt
0,0,0,0,0,1,0,0,0,0,1,1,0,0,7,0,0,0,0,0,0,0,3,37,0,0,bbbbyyyyeeee
2,0,0,0,0,0,2,41,0,0,0,0,2,0,0,0,0,0,0,0,0,0,2,0,1,0,bdgyohesuoej
0,0,0,0,0,2,0,1,0,0,2,2,0,0,16,0,0,0,0,0,0,0,0,27,0,0,beautifulbos
0,0,0,0,0,1,0,0,0,0,1,1,0,0,6,0,0,0,0,0,0,0,3,38,0,0,believeinbos
0,0,0,0,0,1,0,0,0,0,1,1,0,0,6,0,0,0,0,0,0,0,3,38,0,0,believeineos
0,0,0,0,0,2,0,1,0,0,2,2,0,0,16,0,0,0,0,0,0,0,0,27,0,0,bestbestbest
0,0,0,0,0,2,0,1,0,0,2,2,0,0,16,0,0,0,0,0,0,0,0,27,0,0,bettermarket
0,0,0,0,0,1,0,0,0,0,1,1,0,0,7,0,0,0,0,0,0,0,3,37,0,0,bezoshodlbos
0,0,0,0,0,1,0,0,0,0,1,1,0,0,6,0,0,0,0,0,0,0,3,38,0,0,bezoshodleos
0,0,0,0,0,1,0,1,0,0,1,1,0,0,5,0,0,0,0,0,0,0,2,39,0,0,bezosholdbos
0,0,0,0,0,1,0,0,0,0,1,1,0,0,7,0,0,0,0,0,0,0,3,37,0,0,bezosholdeos
0,0,0,0,0,1,0,3,0,0,1,1,0,0,5,0,0,0,0,0,0,0,3,36,0,0,bezoslovebos
3,2,2,0,0,0,3,25,0,0,0,0,2,0,0,0,0,0,0,0,0,0,8,0,1,0,bhofaomwhhqh
0,0,0,0,0,2,0,1,0,0,2,2,0,0,17,0,0,0,0,0,0,0,0,26,0,0,bigcatcastle
0,0,0,0,0,1,0,3,0,0,1,1,0,0,5,0,0,0,0,0,0,0,3,36,0,0,bigheadaches
0,0,0,0,0,2,0,1,0,0,2,2,0,0,16,0,0,0,0,0,0,0,0,27,0,0,bigonewallet
0,0,0,0,0,2,0,1,0,0,2,2,0,0,17,0,0,0,0,0,0,0,0,26,0,0,bilingbiling
0,0,0,0,0,1,0,0,0,0,1,1,0,0,6,0,0,0,0,0,0,0,3,38,0,0,billionaire1
0,0,0,0,0,1,0,0,0,0,1,1,0,0,6,0,0,0,0,0,0,0,3,38,0,0,billionaire2
0,0,0,0,0,1,0,3,0,0,1,1,0,0,6,0,0,0,0,0,0,0,3,35,0,0,billionaire3
0,0,0,0,0,1,0,0,0,0,1,1,0,0,7,0,0,0,0,0,0,0,3,37,0,0,billionaire4
0,0,0,0,0,1,0,1,0,0,1,1,0,0,5,0,0,0,0,0,0,0,1,40,0,0,billionaire5
0,0,0,0,0,2,0,1,0,0,2,2,0,0,15,0,0,0,0,0,0,0,0,28,0,0,bitbanktrade
0,0,0,0,0,1,0,3,0,0,1,1,0,0,6,0,0,0,0,0,0,0,3,35,0,0,bitcoinpurse
0,0,0,0,0,2,0,1,0,0,2,2,0,0,16,0,0,0,0,0,0,0,0,27,0,0,bitebishoufu
0,0,0,0,0,2,0,1,0,0,2,2,0,0,16,0,0,0,0,0,0,0,0,27,0,0,bitpieeosbtc
0,0,0,0,0,2,0,1,0,0,2,2,0,0,17,0,0,0,0,0,0,0,0,26,0,0,bitpieeoseth
0,0,0,0,0,2,0,1,0,0,2,2,0,0,16,0,0,0,0,0,0,0,0,27,0,0,bitspacenode
0,0,0,0,0,2,0,1,0,0,2,2,0,0,17,0,0,0,0,0,0,0,0,26,0,0,bixutingwode
0,0,0,0,0,2,0,1,0,0,2,2,0,0,17,0,0,0,0,0,0,0,0,26,0,0,bjgovernment
1,3,3,0,0,0,1,10,0,0,1,0,0,0,5,0,0,0,0,0,0,0,6,6,0,0,blockatelier
0,0,0,0,0,1,0,3,0,0,1,1,0,0,6,0,0,0,0,0,0,0,3,35,0,0,bmincredible
0,0,0,0,0,1,0,3,0,0,1,1,0,0,5,0,0,0,0,0,0,0,3,36,0,0,bmomnipotent
0,0,0,0,0,1,0,2,0,0,1,1,0,0,14,0,0,0,0,0,0,0,0,31,0,0,borninaugust
0,0,0,0,0,1,0,0,0,0,1,1,0,0,7,0,0,0,0,0,0,0,3,37,0,0,bornon111111
0,0,0,0,0,1,0,0,0,0,1,1,0,0,6,0,0,0,0,0,0,0,3,38,0,0,bornon121212
0,0,0,0,0,1,0,0,0,0,1,1,0,0,7,0,0,0,0,0,0,0,3,37,0,0,borntobefree
0,0,0,0,0,1,0,3,0,0,1,1,0,0,6,0,0,0,0,0,0,0,3,35,0,0,borntobehero
0,0,0,0,0,1,0,1,0,0,1,1,0,0,5,0,0,0,0,0,0,0,1,40,0,0,borntobeking
0,0,0,0,0,1,0,0,0,0,1,1,0,0,6,0,0,0,0,0,0,0,3,38,0,0,borntoberich
0,0,0,0,0,2,0,1,0,0,2,2,0,0,17,0,0,0,0,0,0,0,0,26,0,0,bosamsterdam
0,0,0,0,0,1,0,3,0,0,1,1,0,0,5,0,0,0,0,0,0,0,3,36,0,0,bosascending
0,0,0,0,0,1,0,4,0,0,1,1,0,0,13,0,0,0,0,0,0,0,0,30,0,0,bosassistant
0,0,0,0,0,1,0,1,0,0,1,1,0,0,5,0,0,0,0,0,0,0,2,39,0,0,bosbalneaire
0,0,0,0,0,1,0,3,0,0,1,1,0,0,6,0,0,0,0,0,0,0,3,35,0,0,bosbeamazing
0,0,0,0,0,1,0,3,0,0,1,1,0,0,6,0,0,0,0,0,0,0,3,35,0,0,bosbrazilian
0,0,0,0,0,1,0,4,0,0,1,1,0,0,13,0,0,0,0,0,0,0,0,30,0,0,bosbuybuybuy
0,0,0,0,0,1,0,2,0,0,1,1,0,0,14,0,0,0,0,0,0,0,0,31,0,0,boscandyone1
0,0,0,0,0,2,0,1,0,0,2,2,0,0,16,0,0,0,0,0,0,0,0,27,0,0,boschaintech
0,0,0,0,0,2,0,1,0,0,2,2,0,0,16,0,0,0,0,0,0,0,0,27,0,0,boscleanerbp
0,0,0,0,0,2,0,1,0,0,2,2,0,0,17,0,0,0,0,0,0,0,0,26,0,0,boscybexiobp
0,0,0,0,0,2,0,1,0,0,2,2,0,0,16,0,0,0,0,0,0,0,0,27,0,0,bosdappgroup
0,0,0,0,0,1,0,0,0,0,1,1,0,0,6,0,0,0,0,0,0,0,3,38,0,0,bosdetective
0,0,0,0,0,1,0,3,0,0,1,1,0,0,6,0,0,0,0,0,0,0,3,35,0,0,bosdontpanic
0,0,0,0,0,1,0,1,0,0,1,1,0,0,17,0,0,0,0,0,0,0,0,29,0,0,bosdublinwow
0,0,0,0,0,1,0,3,0,0,1,1,0,0,6,0,0,0,0,0,0,0,3,35,0,0,bosfiatmoney
0,0,0,0,0,2,0,1,0,0,2,2,0,0,16,0,0,0,0,0,0,0,0,27,0,0,bosflareiobp
0,0,0,0,0,1,0,0,0,0,1,1,0,0,7,0,0,0,0,0,0,0,3,37,0,0,bosfukediguo
0,0,0,0,0,2,0,1,0,0,2,2,0,0,17,0,0,0,0,0,0,0,0,26,0,0,bosgamestore
0,0,0,0,0,2,0,1,0,0,2,2,0,0,16,0,0,0,0,0,0,0,0,27,0,0,bosgoodworld
0,0,0,0,0,1,0,3,0,0,1,1,0,0,6,0,0,0,0,0,0,0,3,35,0,0,boshurricane
0,0,0,0,0,1,0,3,0,0,1,1,0,0,5,0,0,0,0,0,0,0,3,36,0,0,bosinception
0,0,0,0,0,1,0,0,0,0,1,1,0,0,6,0,0,0,0,0,0,0,3,38,0,0,bosindemnity
0,0,0,0,0,1,0,3,0,0,1,1,0,0,6,0,0,0,0,0,0,0,3,35,0,0,bosingenuity
0,0,0,0,0,2,0,1,0,0,2,2,0,0,16,0,0,0,0,0,0,0,0,27,0,0,bosiodetroit
0,0,0,0,0,1,0,0,0,0,1,1,0,0,6,0,0,0,0,0,0,0,3,38,0,0,bosisclassic
0,0,0,0,0,1,0,3,0,0,1,1,0,0,6,0,0,0,0,0,0,0,3,35,0,0,boskangaroos
0,0,0,0,0,2,0,1,0,0,2,2,0,0,16,0,0,0,0,0,0,0,0,27,0,0,bosliquidbos
0,0,0,0,0,2,0,1,0,0,2,2,0,0,16,0,0,0,0,0,0,0,0,27,0,0,bosmatrixbos
0,0,0,0,0,2,0,1,0,0,2,2,0,0,16,0,0,0,0,0,0,0,0,27,0,0,bosmesodotio
0,0,0,0,0,1,0,4,0,0,1,1,0,0,13,0,0,0,0,0,0,0,0,30,0,0,bosmetaliobp
0,0,0,0,0,2,0,1,0,0,2,2,0,0,16,0,0,0,0,0,0,0,0,27,0,0,bosminergate
0,0,0,0,0,1,0,0,0,0,1,1,0,0,6,0,0,0,0,0,0,0,3,38,0,0,bosmobilenet
0,0,0,0,0,1,0,0,0,0,1,1,0,0,6,0,0,0,0,0,0,0,3,38,0,0,bosmobwallet
0,0,0,0,0,1,0,3,0,0,1,1,0,0,6,0,0,0,0,0,0,0,3,35,0,0,bosmontblanc
0,0,0,0,0,2,0,1,0,0,2,2,0,0,17,0,0,0,0,0,0,0,0,26,0,0,bosmoonlight
0,0,0,0,0,2,0,1,0,0,2,2,0,0,16,0,0,0,0,0,0,0,0,27,0,0,bosmotionbos
0,0,0,0,0,2,0,1,0,0,2,2,0,0,16,0,0,0,0,0,0,0,0,27,0,0,bosnairobike
0,0,0,0,0,1,0,0,0,0,1,1,0,0,7,0,0,0,0,0,0,0,3,37,0,0,bosnaogeming
0,0,0,0,0,1,0,3,0,0,1,1,0,0,6,0,0,0,0,0,0,0,3,35,0,0,bosnetincome
0,0,0,0,0,1,0,2,0,0,1,1,0,0,14,0,0,0,0,0,0,0,0,31,0,0,bosnodeonebp
0,0,0,0,0,1,0,0,0,0,1,1,0,0,7,0,0,0,0,0,0,0,3,37,0,0,bosofodyssey
0,0,0,0,0,2,0,1,0,0,2,2,0,0,16,0,0,0,0,0,0,0,0,27,0,0,bosonchinese
0,0,0,0,0,2,0,1,0,0,2,2,0,0,16,0,0,0,0,0,0,0,0,27,0,0,bosonobosono
0,0,0,0,0,1,0,0,0,0,1,1,0,0,6,0,0,0,0,0,0,0,3,38,0,0,bososcillate
0,0,0,0,0,1,0,4,0,0,1,1,0,0,13,0,0,0,0,0,0,0,0,30,0,0,bospaceiobos
0,0,0,0,0,1,0,3,0,0,1,1,0,0,6,0,0,0,0,0,0,0,3,35,0,0,bospentagram
0,0,0,0,0,2,0,1,0,0,2,2,0,0,17,0,0,0,0,0,0,0,0,26,0,0,bosplayworld
0,0,0,0,0,1,0,3,0,0,1,1,0,0,6,0,0,0,0,0,0,0,3,35,0,0,bosprecipice
0,0,0,0,0,1,0,0,0,0,1,1,0,0,7,0,0,0,0,0,0,0,3,37,0,0,bospremature
0,0,0,0,0,1,0,0,0,0,1,1,0,0,7,0,0,0,0,0,0,0,3,37,0,0,bosracketeer
0,0,0,0,0,2,0,1,0,0,2,2,0,0,16,0,0,0,0,0,0,0,0,27,0,0,bosrapidprod
0,0,0,0,0,1,0,5,0,0,1,1,0,0,5,0,0,0,0,0,0,0,0,37,0,0,bosrealmagic
0,0,0,0,0,1,0,3,0,0,1,1,0,0,6,0,0,0,0,0,0,0,3,35,0,0,bosreservoir
0,0,0,0,0,1,0,0,0,0,1,1,0,0,7,0,0,0,0,0,0,0,3,37,0,0,bosricardian
0,0,0,0,0,1,0,0,0,0,1,1,0,0,6,0,0,0,0,0,0,0,3,38,0,0,bosschindler
0,0,0,0,0,1,0,0,0,0,1,1,0,0,7,0,0,0,0,0,0,0,3,37,0,0,bosshawshank
0,0,0,0,0,2,0,1,0,0,2,2,0,0,16,0,0,0,0,0,0,0,0,27,0,0,bossv12bossv
0,0,0,0,0,2,0,1,0,0,2,2,0,0,16,0,0,0,0,0,0,0,0,27,0,0,bostaipeibos
0,0,0,0,0,1,0,1,0,0,1,1,0,0,15,0,0,0,0,0,0,0,0,31,0,0,bosteabostea
0,0,0,0,0,1,0,0,0,0,1,1,0,0,6,0,0,0,0,0,0,0,3,38,0,0,bostotangyan
0,0,0,0,0,2,0,1,0,0,2,2,0,0,16,0,0,0,0,0,0,0,0,27,0,0,bosuestciobp
0,0,0,0,0,2,0,1,0,0,2,2,0,0,17,0,0,0,0,0,0,0,0,26,0,0,bosukblocpro
0,0,0,0,0,1,0,4,0,0,1,1,0,0,13,0,0,0,0,0,0,0,0,30,0,0,bosunion1111
0,0,0,0,0,1,0,3,0,0,1,1,0,0,6,0,0,0,0,0,0,0,3,35,0,0,bosurpriseme
0,0,0,0,0,2,0,1,0,0,2,2,0,0,16,0,0,0,0,0,0,0,0,27,0,0,bosvancouver
0,0,0,0,0,2,0,1,0,0,2,2,0,0,16,0,0,0,0,0,0,0,0,27,0,0,bosvenezuela
0,0,0,0,0,2,0,1,0,0,2,2,0,0,17,0,0,0,0,0,0,0,0,26,0,0,bosvibesbloc
0,0,0,0,0,1,0,2,0,0,1,1,0,0,5,0,0,0,0,0,0,0,0,40,0,0,boswallet2nd
0,0,0,0,0,1,0,3,0,0,1,1,0,0,6,0,0,0,0,0,0,0,3,35,0,0,boswallet3rd
0,0,0,0,0,1,0,0,0,0,1,1,0,0,6,0,0,0,0,0,0,0,3,38,0,0,boswallet4th
0,0,0,0,0,1,0,0,0,0,1,1,0,0,7,0,0,0,0,0,0,0,3,37,0,0,boswallet5th
0,0,0,0,0,2,0,1,0,0,2,2,0,0,16,0,0,0,0,0,0,0,0,27,0,0,boswenzhoubp
0,0,0,0,0,1,0,0,0,0,1,1,0,0,7,0,0,0,0,0,0,0,3,37,0,0,boswhenlanbo
0,0,0,0,0,2,0,1,0,0,2,2,0,0,17,0,0,0,0,0,0,0,0,26,0,0,boswinwinwin
10,0,0,0,0,0,7,32,0,0,0,0,0,0,0,0,0,0,0,0,0,1,0,0,0,0,bosyangmao22
0,0,0,0,0,2,0,1,0,0,2,2,0,0,17,0,0,0,0,0,0,0,0,26,0,0,braveheroboy
0,0,0,0,0,2,0,1,0,0,2,2,0,0,17,0,0,0,0,0,0,0,0,26,0,0,braverewards
0,0,0,0,0,1,0,0,0,0,1,1,0,0,7,0,0,0,0,0,0,0,3,37,0,0,btcisclassic
0,0,0,0,0,1,0,4,0,0,1,1,0,0,13,0,0,0,0,0,0,0,0,30,0,0,bulingbuling
0,0,0,0,0,2,0,1,0,0,2,2,0,0,16,0,0,0,0,0,0,0,0,27,0,0,burncalories
0,0,0,0,0,2,0,1,0,0,2,2,0,0,16,0,0,0,0,0,0,0,0,27,0,0,burningmodel
0,0,0,0,0,1,0,4,0,0,1,1,0,0,4,0,0,0,0,0,0,0,0,39,0,0,business4you
0,0,0,0,0,2,0,1,0,0,2,2,0,0,16,0,0,0,0,0,0,0,0,27,0,0,byebyebyebye
4,0,0,0,0,0,4,41,0,0,0,0,0,0,0,0,0,0,0,0,0,0,0,0,1,0,bytjzijfhrkx
0,0,0,0,0,2,0,1,0,0,2,2,0,0,16,0,0,0,0,0,0,0,0,27,0,0,cancelcancel
0,0,0,0,0,2,0,1,0,0,2,2,0,0,17,0,0,0,0,0,0,0,0,26,0,0,cancelwallet
0,0,0,0,0,1,0,4,0,0,1,1,0,0,13,0,0,0,0,0,0,0,0,30,0,0,cannoncircle
0,0,0,0,0,2,0,1,0,0,2,2,0,0,16,0,0,0,0,0,0,0,0,27,0,0,castleknight
0,0,0,0,0,1,0,0,0,0,1,1,0,0,6,0,0,0,0,0,0,0,3,38,0,0,ccccaaaannnn
0,0,0,0,0,1,0,0,0,0,1,1,0,0,6,0,0,0,0,0,0,0,3,38,0,0,ccccoooossss
0,0,0,0,0,1,0,3,0,0,1,1,0,0,5,0,0,0,0,0,0,0,3,36,0,0,ccccuuuutttt
0,0,0,0,0,1,0,4,0,0,1,1,0,0,13,0,0,0,0,0,0,0,0,30,0,0,cengjingaini
0,0,0,0,0,1,0,1,0,0,1,1,0,0,15,0,0,0,0,0,0,0,0,31,0,0,changechange
0,0,0,0,0,2,0,1,0,0,2,2,0,0,17,0,0,0,0,0,0,0,0,26,0,0,changshagirl
0,0,0,0,0,1,0,3,0,0,1,1,0,0,7,0,0,0,0,0,0,0,3,34,0,0,chequewallet
0,0,0,0,0,2,0,1,0,0,2,2,0,0,16,0,0,0,0,0,0,0,0,27,0,0,chinaallstar
0,0,0,0,0,2,0,1,0,0,2,2,0,0,17,0,0,0,0,0,0,0,0,26,0,0,chinajoybaby
0,0,0,0,0,2,0,1,0,0,2,2,0,0,17,0,0,0,0,0,0,0,0,26,0,0,chinajoygirl
0,0,0,0,0,2,0,1,0,0,2,2,0,0,17,0,0,0,0,0,0,0,0,26,0,0,chinajoyshow
0,0,0,0,0,2,0,1,0,0,2,2,0,0,16,0,0,0,0,0,0,0,0,27,0,0,chinawillwin
0,0,0,0,0,2,0,1,0,0,2,2,0,0,16,0,0,0,0,0,0,0,0,27,0,0,chinesekitty
0,0,0,0,0,1,0,0,0,0,1,1,0,0,6,0,0,0,0,0,0,0,3,38,0,0,chinesemoney
0,0,0,0,0,1,0,0,0,0,1,1,0,0,7,0,0,0,0,0,0,0,3,37,0,0,christmaseos
0,0,0,0,0,2,0,1,0,0,2,2,0,0,15,0,0,0,0,0,0,0,0,28,0,0,chuxinbubian
0,0,0,0,0,2,0,1,0,0,2,2,0,0,16,0,0,0,0,0,0,0,0,27,0,0,chuxinbuwang
0,0,0,0,0,1,0,2,0,0,1,1,0,0,14,0,0,0,0,0,0,0,0,31,0,0,chuyinweilai
0,0,0,0,0,1,0,0,0,0,1,1,0,0,6,0,0,0,0,0,0,0,3,38,0,0,cinemawallet
0,0,0,0,0,1,0,0,0,0,1,1,0,0,7,0,0,0,0,0,0,0,3,37,0,0,classicaloid
0,0,0,0,0,1,0,3,0,0,1,1,0,0,6,0,0,0,0,0,0,0,3,35,0,0,cleverwallet
0,0,0,0,0,1,0,3,0,0,1,1,0,0,6,0,0,0,0,0,0,0,3,35,0,0,clinicwallet
0,0,1,0,0,1,0,0,0,0,1,1,0,0,7,0,0,0,0,0,0,0,1,38,0,0,cloudlovesun
0,0,0,0,0,2,0,1,0,0,2,2,0,0,16,0,0,0,0,0,0,0,0,27,0,0,cngovernment
0,0,0,0,0,2,0,1,0,0,2,2,0,0,17,0,0,0,0,0,0,0,0,26,0,0,cnychangeeos
0,0,0,0,0,2,0,1,0,0,2,2,0,0,16,0,0,0,0,0,0,0,0,27,0,0,comingwallet
0,0,0,0,0,2,0,1,0,0,2,2,0,0,16,0,0,0,0,0,0,0,0,27,0,0,computergame
0,0,0,0,0,2,0,1,0,0,2,2,0,0,16,0,0,0,0,0,0,0,0,27,0,0,contracthost
0,0,0,0,0,2,0,1,0,0,2,2,0,0,17,0,0,0,0,0,0,0,0,26,0,0,coocoocoocoo
0,0,0,0,0,2,0,1,0,0,2,2,0,0,15,0,0,0,0,0,0,0,0,28,0,0,coocoowallet
0,0,0,0,0,1,0,3,0,0,1,1,0,0,6,0,0,0,0,0,0,0,3,35,0,0,cookiewallet
0,0,0,0,0,2,0,1,0,0,2,2,0,0,16,0,0,0,0,0,0,0,0,27,0,0,costaricabos
0,0,0,0,0,1,0,3,0,0,1,1,0,0,6,0,0,0,0,0,0,0,3,35,0,0,cpufeewallet
0,0,0,0,0,2,0,1,0,0,2,2,0,0,16,0,0,0,0,0,0,0,0,27,0,0,crazyairdrop
0,0,0,0,0,1,0,1,0,0,1,1,0,0,4,0,0,0,0,0,0,0,3,39,0,0,cryptoobject
3,3,2,0,0,0,3,22,0,0,0,0,2,0,0,0,0,0,0,0,0,0,8,0,0,0,cutagwarrpfn
0,0,0,0,0,2,0,1,0,0,2,2,0,0,16,0,0,0,0,0,0,0,0,27,0,0,cutecutecute
0,0,0,0,0,2,0,1,0,0,2,2,0,0,16,0,0,0,0,0,0,0,0,27,0,0,cutestwallet
0,0,0,0,0,1,0,0,0,0,1,1,0,0,6,0,0,0,0,0,0,0,3,38,0,0,darksidemoon
0,0,0,0,0,1,0,4,0,0,1,1,0,0,13,0,0,0,0,0,0,0,0,30,0,0,darlingchild
0,0,0,0,0,1,0,0,0,0,1,1,0,0,7,0,0,0,0,0,0,0,3,37,0,0,ddddaaaadddd
0,0,0,0,0,1,0,0,0,0,1,1,0,0,7,0,0,0,0,0,0,0,3,37,0,0,ddddiiiidddd
0,0,0,0,0,2,0,1,0,0,2,2,0,0,16,0,0,0,0,0,0,0,0,27,0,0,dengxiaoping
0,0,0,0,0,1,0,3,0,0,1,1,0,0,5,0,0,0,0,0,0,0,3,36,0,0,devsprevails
0,0,0,0,0,2,0,1,0,0,2,2,0,0,17,0,0,0,0,0,0,0,0,26,0,0,dianzifapiao
0,0,0,0,0,1,0,2,0,0,1,1,0,0,14,0,0,0,0,0,0,0,0,31,0,0,diaosiwallet
0,0,0,0,0,2,0,1,0,0,2,2,0,0,16,0,0,0,0,0,0,0,0,27,0,0,digiconomist
0,0,0,0,0,2,0,1,0,0,2,2,0,0,17,0,0,0,0,0,0,0,0,26,0,0,dilingdiling
0,0,0,0,0,2,0,1,0,0,2,2,0,0,17,0,0,0,0,0,0,0,0,26,0,0,dobitradecom
0,0,0,0,0,2,0,1,0,0,2,2,0,0,17,0,0,0,0,0,0,0,0,26,0,0,dobitradeeos
0,0,0,0,0,2,0,1,0,0,2,2,0,0,17,0,0,0,0,0,0,0,0,26,0,0,dothisallday
0,0,0,0,0,1,0,1,0,0,1,1,0,0,15,0,0,0,0,0,0,0,0,31,0,0,doublepocket
0,0,0,0,0,1,0,0,0,0,1,1,0,0,6,0,0,0,0,0,0,0,3,38,0,0,dposprevails
0,0,0,0,0,1,0,1,0,0,1,1,0,0,15,0,0,0,0,0,0,0,0,31,0,0,drinkingwine
0,0,0,0,0,2,0,1,0,0,2,2,0,0,16,0,0,0,0,0,0,0,0,27,0,0,drivethelife
0,0,0,0,0,2,0,1,0,0,2,2,0,0,15,0,0,0,0,0,0,0,0,28,0,0,dutcheosxxxx
4,0,0,0,0,0,4,42,0,0,0,0,0,0,0,0,0,0,0,0,0,0,0,0,0,0,dycnxaycubzw
0,0,0,0,0,2,0,1,0,0,2,2,0,0,17,0,0,0,0,0,0,0,0,26,0,0,ebtcexchange
0,0,0,0,0,1,0,3,0,0,1,1,0,0,7,0,0,0,0,0,0,0,3,34,0,0,economicalos
0,0,0,0,0,1,0,0,0,0,1,1,0,0,5,0,0,0,0,0,0,0,3,39,0,0,eeeennnndddd
0,0,0,0,0,2,0,1,0,0,2,2,0,0,16,0,0,0,0,0,0,0,0,27,0,0,eethexchange
0,0,0,0,0,1,0,3,0,0,1,1,0,0,6,0,0,0,0,0,0,0,3,35,0,0,enterprising
4,2,2,0,0,0,4,26,0,0,0,0,2,0,0,0,0,0,0,0,0,0,8,0,0,0,eojmydfsnsxt
3,0,0,0,0,0,3,43,0,0,0,0,0,0,0,0,0,0,0,0,0,0,0,0,1,0,eopguahvzvyh
0,0,0,0,0,2,0,1,0,0,2,2,0,0,16,0,0,0,0,0,0,0,0,27,0,0,eosafricaone
0,0,0,0,0,2,0,1,0,0,2,2,0,0,17,0,0,0,0,0,0,0,0,26,0,0,eosanchorcny
0,0,0,0,0,2,0,1,0,0,2,2,0,0,17,0,0,0,0,0,0,0,0,26,0,0,eosanchorusd
0,0,0,0,0,1,0,3,0,0,1,1,0,0,6,0,0,0,0,0,0,0,3,35,0,0,eosascending
0,0,0,0,0,1,0,0,0,0,1,1,0,0,6,0,0,0,0,0,0,0,3,38,0,0,eosbalneaire
0,0,0,0,0,1,0,3,0,0,1,1,0,0,6,0,0,0,0,0,0,0,3,35,0,0,eosbeamazing
0,0,0,0,0,1,0,3,0,0,1,1,0,0,7,0,0,0,0,0,0,0,3,34,0,0,eosbrazilian
0,0,0,0,0,2,0,1,0,0,2,2,0,0,16,0,0,0,0,0,0,0,0,27,0,0,eosbuybuybuy
0,0,0,0,0,2,0,1,0,0,2,2,0,0,16,0,0,0,0,0,0,0,0,27,0,0,eoscandyboxs
0,0,0,0,0,2,0,1,0,0,2,2,0,0,17,0,0,0,0,0,0,0,0,26,0,0,eoschangebtc
0,0,0,0,0,2,0,1,0,0,2,2,0,0,16,0,0,0,0,0,0,0,0,27,0,0,eoschangecny
0,0,0,0,0,1,0,2,0,0,1,1,0,0,15,0,0,0,0,0,0,0,0,30,0,0,eoschangeeth
0,0,0,0,0,1,0,4,0,0,1,1,0,0,13,0,0,0,0,0,0,0,0,30,0,0,eoschangeusd
0,0,0,0,0,1,0,3,0,0,1,1,0,0,6,0,0,0,0,0,0,0,3,35,0,0,eoscodeislaw
0,0,0,0,0,1,0,2,0,0,1,1,0,0,14,0,0,0,0,0,0,0,0,31,0,0,eoscopyright
0,0,0,0,0,1,0,0,0,0,1,1,0,0,6,0,0,0,0,0,0,0,3,38,0,0,eosdetective
0,0,0,0,0,2,0,1,0,0,2,2,0,0,17,0,0,0,0,0,0,0,0,26,0,0,eosdobitrade
0,0,0,0,0,1,0,3,0,0,1,1,0,0,5,0,0,0,0,0,0,0,0,39,0,0,eosdontpanic
0,0,0,0,0,2,0,1,0,0,2,2,0,0,16,0,0,0,0,0,0,0,0,27,0,0,eosecoeoseco
0,0,0,0,0,1,0,0,0,0,1,1,0,0,7,0,0,0,0,0,0,0,3,37,0,0,eosfiatmoney
0,0,0,0,0,2,0,0,0,0,2,2,0,0,17,0,0,0,0,0,0,0,0,27,0,0,eosfreeforum
0,0,0,0,0,1,0,0,0,0,1,1,0,0,6,0,0,0,0,0,0,0,3,38,0,0,eosfukediguo
0,0,0,0,0,1,0,2,0,0,1,1,0,0,14,0,0,0,0,0,0,0,0,31,0,0,eosgermanybp
0,0,0,0,0,2,0,1,0,0,2,2,0,0,15,0,0,0,0,0,0,0,0,28,0,0,eosgongxiang
0,0,0,0,0,1,0,1,0,0,1,1,0,0,6,0,0,0,0,0,0,0,0,40,0,0,eoshurricane
0,0,0,0,0,1,0,3,0,0,1,1,0,0,6,0,0,0,0,0,0,0,3,35,0,0,eosinception
0,0,0,0,0,1,0,3,0,0,1,1,0,0,7,0,0,0,0,0,0,0,3,34,0,0,eosingenuity
0,0,0,0,0,1,0,0,0,0,1,1,0,0,6,0,0,0,0,0,0,0,3,38,0,0,eosisclassic
0,0,0,0,0,1,0,3,0,0,1,1,0,0,6,0,0,0,0,0,0,0,3,35,0,0,eosisongoing
0,0,0,0,0,2,0,1,0,0,2,2,0,0,15,0,0,0,0,0,0,0,0,28,0,0,eosjapanclub
0,0,0,0,0,1,0,3,0,0,1,1,0,0,6,0,0,0,0,0,0,0,3,35,0,0,eoskangaroos
0,0,0,0,0,2,0,1,0,0,2,2,0,0,16,0,0,0,0,0,0,0,0,27,0,0,eosloveheart
0,0,0,0,0,2,0,1,0,0,2,2,0,0,15,0,0,0,0,0,0,0,0,28,0,0,eosluckydraw
0,0,0,0,0,2,0,1,0,0,2,2,0,0,17,0,0,0,0,0,0,0,0,26,0,0,eosluckygirl
0,0,0,0,0,2,0,1,0,0,2,2,0,0,16,0,0,0,0,0,0,0,0,27,0,0,eosluckylady
0,0,0,0,0,2,0,1,0,0,2,2,0,0,16,0,0,0,0,0,0,0,0,27,0,0,eosmainforum
0,0,0,0,0,2,0,1,0,0,2,2,0,0,16,0,0,0,0,0,0,0,0,27,0,0,eosmesodotio
0,0,0,0,0,2,0,1,0,0,2,2,0,0,16,0,0,0,0,0,0,0,0,27,0,0,eosmiamidade
0,0,0,0,0,1,0,3,0,0,1,1,0,0,6,0,0,0,0,0,0,0,3,35,0,0,eosmobilenet
0,0,0,0,0,1,0,0,0,0,1,1,0,0,7,0,0,0,0,0,0,0,3,37,0,0,eosmobwallet
0,0,0,0,0,1,0,3,0,0,1,1,0,0,6,0,0,0,0,0,0,0,3,35,0,0,eosmontblanc
0,0,0,0,0,2,0,1,0,0,2,2,0,0,16,0,0,0,0,0,0,0,0,27,0,0,eosnamesswap
0,0,0,0,0,1,0,0,0,0,1,1,0,0,7,0,0,0,0,0,0,0,3,37,0,0,eosnaogeming
0,0,0,0,0,1,0,0,0,0,1,1,0,0,7,0,0,0,0,0,0,0,3,37,0,0,eosnetincome
0,0,0,0,0,1,0,3,0,0,1,1,0,0,6,0,0,0,0,0,0,0,3,35,0,0,eososcillate
0,0,0,0,0,2,0,1,0,0,2,2,0,0,16,0,0,0,0,0,0,0,0,27,0,0,eosparkdapps
0,0,0,0,0,1,0,3,0,0,1,1,0,0,6,0,0,0,0,0,0,0,3,35,0,0,eospentagram
0,0,0,0,0,1,0,3,0,0,1,1,0,0,7,0,0,0,0,0,0,0,3,34,0,0,eosprecipice
0,0,0,0,0,1,0,3,0,0,1,1,0,0,6,0,0,0,0,0,0,0,3,35,0,0,eospremature
0,0,0,0,0,1,0,0,0,0,1,1,0,0,5,0,0,0,0,0,0,0,3,39,0,0,eosracketeer
0,0,0,0,0,1,0,3,0,0,1,1,0,0,6,0,0,0,0,0,0,0,3,35,0,0,eosrealmagic
0,0,0,0,0,1,0,3,0,0,1,1,0,0,7,0,0,0,0,0,0,0,3,34,0,0,eosreservoir
0,0,0,0,0,1,0,0,0,0,1,1,0,0,6,0,0,0,0,0,0,0,3,38,0,0,eosricardian
0,0,0,0,0,1,0,4,0,0,1,1,0,0,13,0,0,0,0,0,0,0,0,30,0,0,eossandiego1
0,0,0,0,0,1,0,0,0,0,1,1,0,0,6,0,0,0,0,0,0,0,3,38,0,0,eosschindler
0,0,0,0,0,1,0,0,0,0,1,1,0,0,7,0,0,0,0,0,0,0,3,37,0,0,eosshawshank
0,0,0,0,0,2,0,1,0,0,2,2,0,0,17,0,0,0,0,0,0,0,0,26,0,0,eossocalprod
0,0,0,0,0,2,0,1,0,0,2,2,0,0,17,0,0,0,0,0,0,0,0,26,0,0,eossuperlady
0,0,0,0,0,1,0,0,0,0,1,1,0,0,7,0,0,0,0,0,0,0,3,37,0,0,eostechlover
0,0,0,0,0,2,0,1,0,0,2,2,0,0,17,0,0,0,0,0,0,0,0,26,0,0,eosthushuimu
0,0,0,0,0,2,0,1,0,0,2,2,0,0,16,0,0,0,0,0,0,0,0,27,0,0,eostongcheng
0,0,0,0,0,1,0,0,0,0,1,1,0,0,6,0,0,0,0,0,0,0,3,38,0,0,eostotangyan
0,0,0,0,0,1,0,3,0,0,1,1,0,0,6,0,0,0,0,0,0,0,3,35,0,0,eosurpriseme
0,0,0,0,0,2,0,1,0,0,2,2,1,0,16,0,0,0,0,0,0,0,0,26,0,0,eosusdttoken
0,0,0,0,0,1,0,4,0,0,1,1,0,0,13,0,0,0,0,0,0,0,0,30,0,0,eosvancouver
0,0,0,0,0,2,0,1,0,0,2,2,0,0,17,0,0,0,0,0,0,0,0,26,0,0,eoswaitnoman
0,0,0,0,0,1,0,3,0,0,1,1,0,0,5,0,0,0,0,0,0,0,3,36,0,0,eoswallet1st
0,0,0,0,0,1,0,3,0,0,1,1,0,0,7,0,0,0,0,0,0,0,3,34,0,0,eoswallet2nd
0,0,0,0,0,1,0,0,0,0,1,1,0,0,7,0,0,0,0,0,0,0,3,37,0,0,eoswallet3rd
0,0,0,0,0,1,0,0,0,0,1,1,0,0,6,0,0,0,0,0,0,0,3,38,0,0,eoswallet4th
0,0,0,0,0,1,0,0,0,0,1,1,0,0,7,0,0,0,0,0,0,0,3,37,0,0,eoswallet5th
0,0,0,0,0,1,0,0,0,0,1,1,0,0,6,0,0,0,0,0,0,0,3,38,0,0,eoswhenlanbo
2,2,2,0,0,0,2,21,0,0,0,0,2,0,0,0,0,0,0,0,0,0,8,0,1,0,etqbjhcjvihr
0,0,0,0,0,2,0,1,0,0,2,2,0,0,17,0,0,0,0,0,0,0,0,26,0,0,eusdexchange
0,0,0,0,0,2,0,1,0,0,2,2,0,0,16,0,0,0,0,0,0,0,0,27,0,0,excelwordppt
0,0,0,0,0,2,0,1,0,0,2,2,0,0,16,0,0,0,0,0,0,0,0,27,0,0,exchangeebtc
0,0,0,0,0,2,0,1,0,0,2,2,0,0,16,0,0,0,0,0,0,0,0,27,0,0,exchangeeusd
0,0,0,0,0,2,0,1,0,0,2,2,0,0,17,0,0,0,0,0,0,0,0,26,0,0,facetomorrow
0,0,0,0,0,1,0,0,0,0,1,1,0,0,6,0,0,0,0,0,0,0,3,38,0,0,fanaticofbos
0,0,0,0,0,1,0,3,0,0,1,1,0,0,6,0,0,0,0,0,0,0,3,35,0,0,fanaticofbtc
0,0,0,0,0,1,0,0,0,0,1,1,0,0,7,0,0,0,0,0,0,0,3,37,0,0,fanaticofeos
0,0,0,0,0,1,0,3,0,0,1,1,0,0,6,0,0,0,0,0,0,0,3,35,0,0,fanaticofmob
2,2,2,0,0,0,2,20,0,0,0,0,2,0,0,0,0,0,0,0,0,0,8,0,1,0,fcxekujqxplx
0,0,0,0,0,1,0,0,0,0,1,1,0,0,7,0,0,0,0,0,0,0,3,37,0,0,feelwithlove
0,0,0,0,0,1,0,4,0,0,1,1,0,0,17,0,0,0,0,0,0,0,0,26,0,0,feimaqingqiu
0,0,0,0,0,1,0,0,0,0,1,1,0,0,7,0,0,0,0,0,0,0,3,37,0,0,ffffaaaannnn
0,0,0,0,0,1,0,0,0,0,1,1,0,0,6,0,0,0,0,0,0,0,3,38,0,0,ffffaaaatttt
0,0,1,0,0,1,0,0,0,0,1,1,0,0,7,0,0,0,0,0,0,0,1,38,0,0,ffffuuuunnnn
0,0,0,0,0,1,0,3,0,0,1,1,0,0,6,0,0,0,0,0,0,0,3,35,0,0,fiatcurrency
0,0,0,0,0,2,0,1,0,0,2,2,0,0,16,0,0,0,0,0,0,0,0,27,0,0,findtomorrow
0,0,0,0,0,2,0,1,0,0,2,2,0,0,17,0,0,0,0,0,0,0,0,26,0,0,findyourlove
0,0,0,0,0,2,0,1,0,0,2,2,0,0,16,0,0,0,0,0,0,0,0,27,0,0,finexpertiza
0,0,0,0,0,2,0,1,0,0,2,2,0,0,17,0,0,0,0,0,0,0,0,26,0,0,finishthejob
0,0,0,0,0,2,0,1,0,0,2,2,0,0,17,0,0,0,0,0,0,0,0,26,0,0,firstfounder
0,0,0,0,0,2,0,1,0,0,2,2,0,0,16,0,0,0,0,0,0,0,0,27,0,0,fishinthesea
6,1,1,0,0,0,6,30,0,0,0,0,2,0,0,0,0,0,0,0,0,0,4,0,0,0,fivuxhwxpnfs
0,0,0,0,0,1,0,3,0,0,1,1,0,0,6,0,0,0,0,0,0,0,3,35,0,0,flawlesslyos
0,0,0,0,0,2,0,1,0,0,2,2,0,0,17,0,0,0,0,0,0,0,0,26,0,0,foreigntrade
0,0,0,0,0,1,0,3,0,0,1,1,0,0,6,0,0,0,0,0,0,0,3,35,0,0,foughtforbos
0,0,0,0,0,1,0,0,0,0,1,1,0,0,7,0,0,0,0,0,0,0,3,37,0,0,foughtforeos
0,0,0,0,0,2,0,1,0,0,2,2,0,0,17,0,0,0,0,0,0,0,0,26,0,0,franceosysbp
0,0,0,0,0,1,0,1,0,0,1,1,0,0,15,0,0,0,0,0,0,0,0,31,0,0,freeamerican
0,0,0,0,0,2,0,1,0,0,2,2,0,0,15,0,0,0,0,0,0,0,0,28,0,0,freefreefree
0,0,0,0,0,1,0,4,0,0,1,1,0,0,13,0,0,0,0,0,0,0,0,30,0,0,freemakelove
0,0,0,0,0,1,0,4,0,0,1,1,0,0,13,0,0,0,0,0,0,0,0,30,0,0,freepictures
0,0,0,0,0,1,0,2,0,0,1,1,0,0,13,0,0,0,0,0,0,0,0,32,0,0,frenchwinner
0,0,0,0,0,2,0,1,0,0,2,2,0,0,16,0,0,0,0,0,0,0,0,27,0,0,fuckbmandeos
0,0,0,0,0,2,0,1,0,0,2,2,0,0,17,0,0,0,0,0,0,0,0,26,0,0,fuckeosforce
3,0,0,0,0,0,3,43,0,0,0,0,0,0,0,0,0,0,0,0,0,0,0,0,1,0,fukqbcwpipol
0,0,0,0,0,2,0,1,0,0,2,2,0,0,16,0,0,0,0,0,0,0,0,27,0,0,fullfullfull
3,1,0,0,0,0,3,35,0,0,1,0,2,0,0,0,0,0,0,0,0,0,4,0,1,0,fweetihictsl
0,0,0,0,0,2,0,1,0,0,2,2,0,0,16,0,0,0,0,0,0,0,0,27,0,0,gebi1laowang
0,0,0,0,0,1,0,2,0,0,1,1,0,0,6,0,0,0,0,0,0,0,0,39,0,0,gggguuuuyyyy
0,0,0,0,0,1,0,4,0,0,1,1,0,0,13,0,0,0,0,0,0,0,0,30,0,0,girlgirlgirl
0,0,0,0,0,2,0,1,0,0,2,2,0,0,16,0,0,0,0,0,0,0,0,27,0,0,goldenwallet
0,0,0,0,0,2,0,1,0,0,2,2,0,0,15,0,0,0,0,0,0,0,0,28,0,0,gongyinglian
0,0,0,0,0,1,0,0,0,0,1,1,0,0,7,0,0,0,0,0,0,0,3,37,0,0,goodforyoubm
0,0,0,0,0,1,0,4,0,0,1,1,0,0,17,0,0,0,0,0,0,0,0,26,0,0,goodgoolgril
0,0,0,0,0,2,0,1,0,0,2,2,0,0,17,0,0,0,0,0,0,0,0,26,0,0,goodluckbaby
0,0,0,0,0,1,0,2,0,0,1,1,0,0,14,0,0,0,0,0,0,0,0,31,0,0,goodverymuch
0,0,0,0,0,2,0,1,0,0,2,2,0,0,17,0,0,0,0,0,0,0,0,26,0,0,goodwellnice
0,0,0,0,0,2,0,1,0,0,2,2,0,0,17,0,0,0,0,0,0,0,0,26,0,0,gorightahead
0,0,0,0,0,1,0,3,0,0,1,1,0,0,6,0,0,0,0,0,0,0,3,35,0,0,groovetunez1
0,0,0,0,0,1,0,2,0,0,1,1,0,0,14,0,0,0,0,0,0,0,0,31,0,0,guanfangdian
0,0,0,0,0,2,0,1,0,0,2,2,0,0,16,0,0,0,0,0,0,0,0,27,0,0,guangzhouren
0,0,0,0,0,1,0,2,0,0,1,1,0,0,6,0,0,0,0,0,0,0,0,39,0,0,guitarwallet
2,2,2,0,0,0,1,15,0,0,0,0,2,0,0,0,0,0,0,0,1,0,8,0,0,1,gvargajgsbxr
0,0,0,0,0,1,0,4,0,0,1,1,0,0,13,0,0,0,0,0,0,0,0,30,0,0,hainanhaikou
0,0,0,0,0,2,0,1,0,0,2,2,0,0,17,0,0,0,0,0,0,0,0,26,0,0,haishinidaye
0,0,0,0,0,2,0,0,0,0,2,2,0,0,17,0,0,0,0,0,0,0,0,27,0,0,hangzhoushow
0,0,0,0,0,2,0,1,0,0,2,2,0,0,15,0,0,0,0,0,0,0,0,28,0,0,hangzhoutong
0,0,0,0,0,2,0,1,0,0,2,2,0,0,16,0,0,0,0,0,0,0,0,27,0,0,happybeijing
0,0,0,0,0,2,0,1,0,0,2,2,0,0,16,0,0,0,0,0,0,0,0,27,0,0,hashkeygroup
0,0,0,0,0,2,0,1,0,0,2,2,0,0,17,0,0,0,0,0,0,0,0,26,0,0,havegoodname
0,0,0,0,0,1,0,3,0,0,1,1,0,0,6,0,0,0,0,0,0,0,3,35,0,0,haveonedream
0,0,0,0,0,2,0,1,0,0,2,2,0,0,16,0,0,0,0,0,0,0,0,27,0,0,heartywallet
0,0,0,0,0,2,0,1,0,0,2,2,0,0,16,0,0,0,0,0,0,0,0,27,0,0,heavenknight
0,0,0,0,0,2,0,0,0,0,2,2,1,0,17,0,0,0,0,0,0,0,0,26,0,0,hellobeiging
0,0,0,0,0,2,0,1,0,0,2,2,0,0,17,0,0,0,0,0,0,0,0,26,0,0,hellobosdapp
0,0,0,0,0,2,0,1,0,0,2,2,0,0,16,0,0,0,0,0,0,0,0,27,0,0,hellochinese
0,0,0,0,0,2,0,1,0,0,2,2,0,0,16,0,0,0,0,0,0,0,0,27,0,0,helloqingdao
0,0,0,0,0,1,0,4,0,0,1,1,0,0,13,0,0,0,0,0,0,0,0,30,0,0,hellotianjin
0,0,0,0,0,2,0,1,0,0,2,2,0,0,15,0,0,0,0,0,0,0,0,28,0,0,heroherohero
0,0,0,0,0,1,0,0,0,0,1,1,0,0,7,0,0,0,0,0,0,0,3,37,0,0,hhhhaaaayyyy
0,0,0,0,0,2,0,1,0,0,2,2,0,0,16,0,0,0,0,0,0,0,0,27,0,0,hiddenwallet
0,0,0,0,0,1,0,1,0,0,1,1,0,0,15,0,0,0,0,0,0,0,0,31,0,0,hitbtcwallet
0,0,0,0,0,2,0,1,0,0,2,2,0,0,17,0,0,0,0,0,0,0,0,26,0,0,hkgovernment
0,0,0,0,0,2,0,1,0,0,2,2,0,0,16,0,0,0,0,0,0,0,0,27,0,0,homehomehome
0,0,0,0,0,2,0,1,0,0,2,2,0,0,16,0,0,0,0,0,0,0,0,27,0,0,honestknight
0,0,0,0,0,2,0,1,0,0,2,2,0,0,16,0,0,0,0,0,0,0,0,27,0,0,honestwallet
0,0,0,0,0,2,0,1,0,0,2,2,0,0,16,0,0,0,0,0,0,0,0,27,0,0,hongkongmoon
0,0,0,0,0,2,0,1,0,0,2,2,0,0,16,0,0,0,0,0,0,0,0,27,0,0,hongkongtong
0,0,0,0,0,2,0,1,0,0,2,2,0,0,16,0,0,0,0,0,0,0,0,27,0,0,hopehopehope
0,0,0,0,0,2,0,1,0,0,2,2,0,0,17,0,0,0,0,0,0,0,0,26,0,0,hopingwallet
3,0,0,0,0,0,3,37,0,0,1,0,2,0,0,0,0,0,0,0,0,0,3,0,1,0,hqmsedpagjax
3,2,2,0,0,0,3,26,0,0,0,0,2,0,0,0,0,0,0,0,0,0,8,0,1,0,hsfdykhnrdjb
0,0,0,0,0,1,0,0,0,0,1,1,0,0,6,0,0,0,0,0,0,0,3,38,0,0,huaweihonour
0,0,0,0,0,1,0,0,0,0,1,1,0,0,6,0,0,0,0,0,0,0,3,38,0,0,huluwahuluwa
0,0,0,0,0,1,0,3,0,0,1,1,0,0,7,0,0,0,0,0,0,0,3,34,0,0,huluwawallet
0,0,0,0,0,1,0,3,0,0,1,1,0,0,6,0,0,0,0,0,0,0,3,35,0,0,huozhentaoxx
0,0,0,0,0,2,0,1,0,0,2,2,0,0,16,0,0,0,0,0,0,0,0,27,0,0,huzhupingtai
3,0,0,0,0,0,3,36,0,0,0,0,2,0,0,1,1,0,0,0,0,0,3,0,1,0,hzqmoceevglj
0,0,0,0,0,2,0,1,0,0,2,2,0,0,16,0,0,0,0,0,0,0,0,27,0,0,iamaluckyman
0,0,0,0,0,1,0,3,0,0,1,1,0,0,6,0,0,0,0,0,0,0,3,35,0,0,iameconomist
0,0,0,0,0,1,0,0,0,0,1,1,0,0,6,0,0,0,0,0,0,0,3,38,0,0,iamexcellent
0,0,0,0,0,2,0,1,0,0,2,2,0,0,17,0,0,0,0,0,0,0,0,26,0,0,iamluckybaby
0,0,0,0,0,2,0,1,0,0,2,2,0,0,17,0,0,0,0,0,0,0,0,26,0,0,iamluckylady
0,0,0,0,0,2,0,1,0,0,2,2,0,0,17,0,0,0,0,0,0,0,0,26,0,0,iamluckystar
0,0,0,0,0,1,0,0,0,0,1,1,0,0,7,0,0,0,0,0,0,0,3,37,0,0,ibillionaire
0,0,0,0,0,1,0,0,0,0,1,1,0,0,6,0,0,0,0,0,0,0,3,38,0,0,idontthinkso
0,0,0,0,0,1,0,3,0,0,1,1,0,0,6,0,0,0,0,0,0,0,3,35,0,0,igroovetunez
0,0,0,0,0,1,0,0,0,0,1,1,0,0,7,0,0,0,0,0,0,0,3,37,0,0,ihodlbitcoin
0,0,0,0,0,1,0,0,0,0,1,1,0,0,7,0,0,0,0,0,0,0,3,37,0,0,iholdbitcoin
3,2,2,0,0,0,3,26,0,0,0,0,2,0,0,0,0,0,0,0,0,0,8,0,1,0,iicemfhmebbf
2,0,0,0,0,0,2,41,0,0,1,0,0,0,0,1,1,0,0,0,0,0,0,0,2,0,ijqktwlgywoq
0,0,0,0,0,1,0,3,0,0,1,1,0,0,6,0,0,0,0,0,0,0,3,35,0,0,iloveatlanta
0,0,0,0,0,1,0,1,0,0,1,1,0,0,6,0,0,0,0,0,0,0,0,40,0,0,ilovebinance
0,0,0,0,0,2,0,1,0,0,2,2,0,0,16,0,0,0,0,0,0,0,0,27,0,0,ilovebos1314
0,0,0,0,0,1,0,3,0,0,1,1,0,0,6,0,0,0,0,0,0,0,3,35,0,0,ilovehouston
0,0,0,0,0,1,0,3,0,0,1,1,0,0,7,0,0,0,0,0,0,0,3,34,0,0,iloveimtoken
0,0,0,0,0,1,0,3,0,0,1,1,0,0,7,0,0,0,0,0,0,0,3,34,0,0,iloveorlando
0,0,0,0,0,1,0,3,0,0,1,1,0,0,6,0,0,0,0,0,0,0,3,35,0,0,ilovephoenix
0,0,0,0,0,1,0,4,0,0,1,1,0,0,13,0,0,0,0,0,0,0,0,30,0,0,iloveqingdao
0,0,0,0,0,1,0,0,0,0,1,1,0,0,7,0,0,0,0,0,0,0,3,37,0,0,iloveseattle
0,0,0,0,0,2,0,1,0,0,2,2,0,0,16,0,0,0,0,0,0,0,0,27,0,0,ilovetianjin
0,0,0,0,0,1,0,3,0,0,1,1,0,0,6,0,0,0,0,0,0,0,3,35,0,0,ilovetoronto
0,0,0,0,0,1,0,0,0,0,1,1,0,0,7,0,0,0,0,0,0,0,3,37,0,0,imillionaire
4,2,2,0,0,0,4,26,0,0,0,0,2,0,0,0,0,0,0,0,0,0,8,0,0,0,inalkmsmackx
0,0,0,0,0,1,0,0,0,0,1,1,0,0,7,0,0,0,0,0,0,0,3,37,0,0,inbtcwetrust
0,0,0,0,0,1,0,1,0,0,1,1,0,0,6,0,0,0,0,0,0,0,0,40,0,0,incalculable
0,0,0,0,0,1,0,3,0,0,1,1,0,0,6,0,0,0,0,0,0,0,3,35,0,0,incomparable
0,0,0,0,0,2,0,1,0,0,2,2,0,0,17,0,0,0,0,0,0,0,0,26,0,0,indianpeople
0,0,0,0,0,2,0,1,0,0,2,2,0,0,17,0,0,0,0,0,0,0,0,26,0,0,indianpocket
0,0,0,0,0,2,0,1,0,0,2,2,0,0,16,0,0,0,0,0,0,0,0,27,0,0,indianzebpay
0,0,0,0,0,1,0,2,0,0,1,1,0,0,14,0,0,0,0,0,0,0,0,31,0,0,indiawillwin
0,0,0,0,0,1,0,0,0,0,1,1,0,0,7,0,0,0,0,0,0,0,3,37,0,0,inmobwetrust
0,0,0,0,0,1,0,3,0,0,1,1,0,0,7,0,0,0,0,0,0,0,3,34,0,0,innovationos
0,0,0,0,0,1,0,3,0,0,1,1,0,0,5,0,0,0,0,0,0,0,3,36,0,0,intangiblbos
0,0,0,0,0,1,0,3,0,0,1,1,0,0,6,0,0,0,0,0,0,0,3,35,0,0,intangibleos
0,0,0,0,0,1,0,4,0,0,1,1,0,0,13,0,0,0,0,0,0,0,0,30,0,0,italywillwin
0,0,0,0,0,1,0,0,0,0,1,1,0,0,6,0,0,0,0,0,0,0,3,38,0,0,itsboswallet
0,0,0,0,0,1,0,0,0,0,1,1,0,0,7,0,0,0,0,0,0,0,3,37,0,0,itsdifficult
0,0,0,0,0,1,0,0,0,0,1,1,0,0,7,0,0,0,0,0,0,0,3,37,0,0,itseoswallet
0,0,0,0,0,1,0,0,0,0,1,1,0,0,7,0,0,0,0,0,0,0,3,37,0,0,itsexcellent
0,0,0,0,0,1,0,0,0,0,1,1,0,0,6,0,0,0,0,0,0,0,3,38,0,0,itspoppycock
0,0,0,0,0,1,0,0,0,0,1,1,0,0,6,0,0,0,0,0,0,0,3,38,0,0,iunstoppable
0,0,0,0,0,1,0,0,0,0,1,1,0,0,7,0,0,0,0,0,0,0,3,37,0,0,jamesmadison
0,0,0,0,0,1,0,4,0,0,1,1,0,0,13,0,0,0,0,0,0,0,0,30,0,0,japanesebaby
0,0,0,0,0,1,0,1,0,0,1,1,0,0,15,0,0,0,0,0,0,0,0,31,0,0,japanesehero
0,0,0,0,0,2,0,1,0,0,2,2,0,0,17,0,0,0,0,0,0,0,0,26,0,0,japaneselady
0,0,0,0,0,2,0,1,0,0,2,2,0,0,16,0,0,0,0,0,0,0,0,27,0,0,japanesestar
0,0,0,0,0,2,0,1,0,0,2,2,0,0,16,0,0,0,0,0,0,0,0,27,0,0,japanwillwin
3,3,1,0,0,0,3,30,0,0,0,0,2,0,0,0,0,0,0,0,0,0,7,0,1,0,jgalkpttktzb
0,2,2,0,0,0,0,4,0,0,0,0,2,0,0,0,0,0,0,0,0,0,8,0,0,0,jgcundfqmskm
0,0,0,0,0,2,0,1,0,0,2,2,0,0,15,0,0,0,0,0,0,0,0,28,0,0,jiandanzhifu
0,0,0,0,0,2,0,1,0,0,2,2,0,0,16,0,0,0,0,0,0,0,0,27,0,0,jiaoxuejigou
3,2,2,0,0,0,3,23,0,0,1,0,2,0,0,0,0,0,0,0,0,0,8,0,1,0,jicgovszlwwj
0,0,0,0,0,1,0,5,0,0,1,1,0,0,13,0,0,0,0,0,0,0,0,29,0,0,jingdonglian
0,0,0,0,0,2,0,1,0,0,2,2,0,0,15,0,0,0,0,0,0,0,0,28,0,0,jinsecaijing
0,0,0,0,0,2,0,1,0,0,2,2,0,0,16,0,0,0,0,0,0,0,0,27,0,0,jiucaituanzi
3,2,1,0,0,0,3,31,0,0,0,0,2,0,0,0,0,0,0,0,0,0,7,0,1,0,jmtymmsmefmi
3,2,1,0,0,0,3,26,0,0,0,0,2,0,0,0,0,0,0,0,0,0,4,0,1,0,jodrndvundhb
0,0,0,0,0,2,0,1,0,0,2,2,0,0,16,0,0,0,0,0,0,0,0,27,0,0,joinsecurity
5,0,0,0,0,0,4,36,0,0,0,0,0,0,0,1,1,0,0,0,1,0,0,0,1,1,jpqdzvwztiqe
0,0,0,0,0,2,0,1,0,0,2,2,0,0,16,0,0,0,0,0,0,0,0,27,0,0,jrrcryptobos
0,0,0,0,0,2,0,1,0,0,2,2,0,0,17,0,0,0,0,0,0,0,0,26,0,0,jumpthenfall
0,0,0,0,0,2,0,1,0,0,2,2,0,0,16,0,0,0,0,0,0,0,0,27,0,0,jusechengren
0,0,0,0,0,1,0,3,0,0,1,1,0,0,6,0,0,0,0,0,0,0,3,35,0,0,justiceofbos
0,0,0,0,0,1,0,3,0,0,1,1,0,0,7,0,0,0,0,0,0,0,3,34,0,0,justiceofeos
0,0,0,0,0,2,0,1,0,0,2,2,0,0,17,0,0,0,0,0,0,0,0,26,0,0,justlovebaby
0,0,0,0,0,2,0,1,0,0,2,2,0,0,16,0,0,0,0,0,0,0,0,27,0,0,justlovewife
0,0,0,0,0,2,0,1,0,0,2,2,0,0,16,0,0,0,0,0,0,0,0,27,0,0,justrightnow
3,2,2,0,0,0,3,26,0,0,0,0,2,0,0,0,0,0,0,0,0,0,8,0,1,0,jzvyusjyzsjw
0,0,0,0,0,1,0,0,0,0,1,1,0,0,7,0,0,0,0,0,0,0,3,37,0,0,keepfighting
0,0,0,0,0,2,0,1,0,0,2,2,0,0,16,0,0,0,0,0,0,0,0,27,0,0,keepkeepkeep
0,0,0,0,0,1,0,1,0,0,1,1,0,0,17,0,0,0,0,0,0,0,0,29,0,0,keepsafeside
0,0,0,0,0,2,0,1,0,0,2,2,0,0,17,0,0,0,0,0,0,0,0,26,0,0,keepyourhope
0,0,0,0,0,1,0,4,0,0,1,1,0,0,13,0,0,0,0,0,0,0,0,30,0,0,keepyourwill
0,0,0,0,0,2,0,1,0,0,2,2,0,0,16,0,0,0,0,0,0,0,0,27,0,0,keoskorea111
0,0,0,0,0,2,0,1,0,0,2,2,0,0,16,0,0,0,0,0,0,0,0,27,0,0,kindkindkind
0,0,0,0,0,2,0,1,0,0,2,2,0,0,16,0,0,0,0,0,0,0,0,27,0,0,kingcomeback
0,0,0,0,0,2,0,1,0,0,2,2,0,0,16,0,0,0,0,0,0,0,0,27,0,0,kingsoftgame
0,0,0,0,0,1,0,1,0,0,1,1,0,0,15,0,0,0,0,0,0,0,0,31,0,0,kisspurebaby
0,0,0,0,0,2,0,1,0,0,2,2,0,0,16,0,0,0,0,0,0,0,0,27,0,0,kisspuregirl
0,0,0,0,0,2,0,1,0,0,2,2,0,0,16,0,0,0,0,0,0,0,0,27,0,0,kissyourface
0,0,0,0,0,2,0,1,0,0,2,2,0,0,17,0,0,0,0,0,0,0,0,26,0,0,knightbattle
0,0,0,0,0,2,0,1,0,0,2,2,0,0,16,0,0,0,0,0,0,0,0,27,0,0,knightcastle
0,0,0,0,0,2,0,1,0,0,2,2,0,0,15,0,0,0,0,0,0,0,0,28,0,0,kongjunyihao
0,0,0,0,0,2,0,1,0,0,2,2,0,0,17,0,0,0,0,0,0,0,0,26,0,0,krakenwallet
0,0,0,0,0,2,0,1,0,0,2,2,0,0,17,0,0,0,0,0,0,0,0,26,0,0,kuaichongzhi
0,0,0,0,0,2,0,1,0,0,2,2,0,0,16,0,0,0,0,0,0,0,0,27,0,0,kuailebaobao
0,0,0,0,0,2,0,1,0,0,2,2,0,0,15,0,0,0,0,0,0,0,0,28,0,0,kuailebaobei
0,0,0,0,0,2,0,1,0,0,2,2,0,0,15,0,0,0,0,0,0,0,0,28,0,0,kuaisujiaoyi
0,0,0,0,0,2,0,1,0,0,2,2,0,0,16,0,0,0,0,0,0,0,0,27,0,0,kuajingzhifu
0,0,0,0,0,1,0,3,0,0,1,1,0,0,6,0,0,0,0,0,0,0,3,35,0,0,leaderwallet
0,0,0,0,0,1,0,0,0,0,1,1,0,0,6,0,0,0,0,0,0,0,3,38,0,0,legalbenefit
0,0,0,0,0,2,0,1,0,0,1,2,0,0,14,0,0,0,0,0,0,0,0,30,0,0,lianmenglian
0,0,0,0,0,2,0,1,0,0,2,2,0,0,17,0,0,0,0,0,0,0,0,26,0,0,lianzhixinxi
0,0,0,0,0,2,0,1,0,0,2,2,0,0,17,0,0,0,0,0,0,0,0,26,0,0,licaichanpin
0,0,0,0,0,2,0,1,0,0,2,2,0,0,16,0,0,0,0,0,0,0,0,27,0,0,lifesentence
3,1,1,0,0,0,3,33,0,0,0,0,2,0,0,0,0,0,0,0,0,0,6,0,1,0,lifpdgkvpqnz
0,0,0,0,0,2,0,1,0,0,2,2,0,0,15,0,0,0,0,0,0,0,0,28,0,0,likelikelike
0,0,0,0,0,2,0,1,0,0,2,2,0,0,15,0,0,0,0,0,0,0,0,28,0,0,looklooklook
0,0,0,0,0,2,0,1,0,0,2,2,0,0,16,0,0,0,0,0,0,0,0,27,0,0,loudandclear
0,0,0,0,0,2,0,1,0,0,2,2,0,0,17,0,0,0,0,0,0,0,0,26,0,0,lovebabyface
0,0,0,0,0,2,0,1,0,0,2,2,0,0,16,0,0,0,0,0,0,0,0,27,0,0,lovebmandeos
0,0,0,0,0,1,0,4,0,0,1,1,0,0,13,0,0,0,0,0,0,0,0,30,0,0,lovecoinbase
0,0,0,0,0,2,0,1,0,0,2,2,0,0,16,0,0,0,0,0,0,0,0,27,0,0,lovecometrue
0,0,0,0,0,2,0,1,0,0,2,2,0,0,17,0,0,0,0,0,0,0,0,26,0,0,lovecutewife
0,0,0,0,0,2,0,1,0,0,2,2,0,0,17,0,0,0,0,0,0,0,0,26,0,0,lovedearbaby
0,0,0,0,0,2,0,1,0,0,2,2,0,0,16,0,0,0,0,0,0,0,0,27,0,0,lovedeargirl
0,0,0,0,0,2,0,1,0,0,2,2,0,0,16,0,0,0,0,0,0,0,0,27,0,0,lovedearwife
0,0,0,0,0,2,0,1,0,0,2,2,0,0,17,0,0,0,0,0,0,0,0,26,0,0,lovedogecoin
0,0,0,0,0,2,0,1,0,0,2,2,0,0,16,0,0,0,0,0,0,0,0,27,0,0,lovegoodname
0,0,0,0,0,2,0,1,0,0,2,2,0,0,17,0,0,0,0,0,0,0,0,26,0,0,lovejingdong
0,0,0,0,0,1,0,0,0,0,1,1,0,0,6,0,0,0,0,0,0,0,3,38,0,0,lovelywallet
0,0,0,0,0,2,0,1,0,0,2,2,0,0,17,0,0,0,0,0,0,0,0,26,0,0,lovemyfamily
0,0,0,0,0,2,0,1,0,0,2,2,0,0,17,0,0,0,0,0,0,0,0,26,0,0,lovepurebaby
0,0,0,0,0,2,0,1,0,0,2,2,0,0,16,0,0,0,0,0,0,0,0,27,0,0,lovepuregirl
0,0,0,0,0,2,0,1,0,0,2,2,0,0,17,0,0,0,0,0,0,0,0,26,0,0,lovethisgirl
0,0,0,0,0,2,0,1,0,0,2,2,0,0,17,0,0,0,0,0,0,0,0,26,0,0,lovewife1314
0,0,0,0,0,1,0,1,0,0,1,1,0,0,15,0,0,0,0,0,0,0,0,31,0,0,lovewifeface
0,0,0,0,0,2,0,1,0,0,2,2,0,0,16,0,0,0,0,0,0,0,0,27,0,0,lovewildgirl
0,0,0,0,0,2,0,1,0,0,2,2,0,0,16,0,0,0,0,0,0,0,0,27,0,0,lovingwallet
0,0,0,0,0,2,0,1,0,0,2,2,0,0,16,0,0,0,0,0,0,0,0,27,0,0,luckydrawbox
0,0,0,0,0,1,0,1,0,0,1,1,0,0,17,0,0,0,0,0,0,0,0,29,0,0,luckyqingdao
0,0,0,0,0,1,0,0,0,0,1,1,0,0,6,0,0,0,0,0,0,0,3,38,0,0,lueosyangmao
0,0,0,0,0,2,0,1,0,0,2,2,0,0,17,0,0,0,0,0,0,0,0,26,0,0,mainbusiness
0,0,0,0,0,2,0,1,0,0,2,2,0,0,17,0,0,0,0,0,0,0,0,26,0,0,mainnettoken
0,0,0,0,0,2,0,1,0,0,2,2,0,0,16,0,0,0,0,0,0,0,0,27,0,0,makegoodname
0,0,0,0,0,2,0,1,0,0,2,2,0,0,17,0,0,0,0,0,0,0,0,26,0,0,makelovefuck
0,0,0,0,0,2,0,1,0,0,2,2,0,0,17,0,0,0,0,0,0,0,0,26,0,0,makelovegirl
0,0,0,0,0,2,0,1,0,0,2,2,0,0,17,0,0,0,0,0,0,0,0,26,0,0,makelovewife
0,0,0,0,0,2,0,1,0,0,2,2,0,0,16,0,0,0,0,0,0,0,0,27,0,0,mallmallmall
0,0,0,0,0,2,0,1,0,0,2,2,0,0,16,0,0,0,0,0,0,0,0,27,0,0,marketbetter
0,0,0,0,0,2,0,1,0,0,2,2,0,0,17,0,0,0,0,0,0,0,0,26,0,0,marrywithher
0,0,0,0,0,2,0,1,0,0,2,2,0,0,17,0,0,0,0,0,0,0,0,26,0,0,marrywithwho
0,0,0,0,0,2,0,1,0,0,2,2,0,0,16,0,0,0,0,0,0,0,0,27,0,0,marrywithyou
0,0,0,0,0,1,0,2,0,0,1,1,0,0,14,0,0,0,0,0,0,0,0,31,0,0,mathsteacher
0,0,0,0,0,1,0,0,0,0,1,1,0,0,6,0,0,0,0,0,0,0,3,38,0,0,matrixwallet
0,0,0,0,0,2,0,1,0,0,2,2,0,0,17,0,0,0,0,0,0,0,0,26,0,0,maxmaxmaxmax
0,0,0,0,0,2,0,1,0,0,2,2,0,0,15,0,0,0,0,0,0,0,0,28,0,0,maxsidechain
0,0,0,0,0,2,0,1,0,0,2,2,0,0,17,0,0,0,0,0,0,0,0,26,0,0,meetmeetmeet
0,0,0,0,0,2,0,1,0,0,2,2,0,0,17,0,0,0,0,0,0,0,0,26,0,0,meetonegames
0,0,0,0,0,2,0,1,0,0,2,2,0,0,16,0,0,0,0,0,0,0,0,27,0,0,meettomorrow
0,0,0,0,0,2,0,1,0,0,2,2,0,0,17,0,0,0,0,0,0,0,0,26,0,0,meetwithlove
0,0,0,0,0,2,0,1,0,0,2,2,0,0,17,0,0,0,0,0,0,0,0,26,0,0,meetyourking
0,0,0,0,0,1,0,4,0,0,1,1,0,0,13,0,0,0,0,0,0,0,0,30,0,0,meiguogupiao
0,0,0,0,0,2,0,1,0,0,2,2,0,0,15,0,0,0,0,0,0,0,0,28,0,0,meishishijie
0,0,0,0,0,2,0,0,0,0,2,2,0,0,17,0,0,0,0,0,0,0,0,27,0,0,meituangroup
0,0,0,0,0,1,0,5,0,0,1,1,0,0,13,0,0,0,0,0,0,0,0,29,0,0,mengguhaijun
5,1,1,0,0,0,5,30,0,0,0,0,2,0,0,0,0,0,0,0,0,0,5,0,1,0,mgotiklxcwqn
0,0,0,0,0,1,0,0,0,0,1,1,0,0,7,0,0,0,0,0,0,0,0,40,0,0,milkandhoney
0,0,0,0,0,1,0,0,0,0,1,1,0,0,7,0,0,0,0,0,0,0,3,37,0,0,millionaire1
0,0,0,0,0,1,0,0,0,0,1,1,0,0,6,0,0,0,0,0,0,0,3,38,0,0,millionaire2
0,0,0,0,0,1,0,0,0,0,1,1,0,0,6,0,0,0,0,0,0,0,3,38,0,0,millionaire3
0,0,0,0,0,1,0,0,0,0,1,1,0,0,7,0,0,0,0,0,0,0,3,37,0,0,millionaire4
0,0,0,0,0,1,0,2,0,0,1,1,0,0,6,0,0,0,0,0,0,0,0,39,0,0,miningwallet
0,0,0,0,0,2,0,1,0,0,2,2,0,0,16,0,0,0,0,0,0,0,0,27,0,0,minminminmin
0,0,0,0,0,2,0,1,0,0,2,2,0,0,17,0,0,0,0,0,0,0,0,26,0,0,missyourface
3,3,2,0,0,0,3,28,0,0,0,0,2,0,0,0,0,0,0,0,0,0,8,0,1,0,mlwjlczvuncy
0,0,0,0,0,1,0,3,0,0,1,1,0,0,7,0,0,0,0,0,0,0,3,34,0,0,mmmmaaaayyyy
0,0,0,0,0,1,0,0,0,0,1,1,0,0,7,0,0,0,0,0,0,0,3,37,0,0,mmmmoooopppp
0,0,0,0,0,1,0,3,0,0,1,1,0,0,6,0,0,0,0,0,0,0,3,35,0,0,mobiledotcom
0,0,0,0,0,1,0,3,0,0,1,1,0,0,7,0,0,0,0,0,0,0,3,34,0,0,mobilenumber
0,0,0,0,0,2,0,1,0,0,2,2,0,0,17,0,0,0,0,0,0,0,0,26,0,0,mongolempire
0,0,0,0,0,2,0,1,0,0,2,2,0,0,16,0,0,0,0,0,0,0,0,27,0,0,mongolianavy
0,0,0,0,0,1,0,4,0,0,1,1,0,0,13,0,0,0,0,0,0,0,0,30,0,0,morefrontend
0,0,0,0,0,2,0,1,0,0,2,2,0,0,17,0,0,0,0,0,0,0,0,26,0,0,moreoneteams
0,0,0,0,0,1,0,1,0,0,1,1,0,0,15,0,0,0,0,0,0,0,0,31,0,0,morethanmore
0,0,0,0,0,2,0,1,0,0,2,2,0,0,16,0,0,0,0,0,0,0,0,27,0,0,moretopteams
0,0,0,0,0,2,0,1,0,0,2,2,0,0,16,0,0,0,0,0,0,0,0,27,0,0,moretoptoken
0,0,0,0,0,2,0,1,0,0,2,2,0,0,17,0,0,0,0,0,0,0,0,26,0,0,mostbestwish
0,0,0,0,0,2,0,1,0,0,2,2,0,0,17,0,0,0,0,0,0,0,0,26,0,0,mostlovebaby
0,0,0,0,0,1,0,4,0,0,1,1,0,0,13,0,0,0,0,0,0,0,0,30,0,0,mostlovegirl
0,0,0,0,0,2,0,1,0,0,2,2,0,0,16,0,0,0,0,0,0,0,0,27,0,0,mostlovewife
0,0,0,0,0,2,0,1,0,0,2,2,0,0,17,0,0,0,0,0,0,0,0,26,0,0,mostluckyboy
0,0,0,0,0,2,0,1,0,0,2,2,0,0,17,0,0,0,0,0,0,0,0,26,0,0,mostluckydog
3,3,2,0,0,0,3,26,0,0,0,0,2,0,0,0,0,0,0,0,0,0,8,0,1,0,mpcpeocsbpeo
0,0,0,0,0,1,0,3,0,0,1,1,0,0,7,0,0,0,0,0,0,0,3,34,0,0,multipurpose
0,0,0,0,0,1,0,2,0,0,1,1,0,0,6,0,0,0,0,0,0,0,0,39,0,0,mybackground
0,0,0,0,0,1,0,0,0,0,1,1,0,0,6,0,0,0,0,0,0,0,3,38,0,0,mygeneration
0,0,0,0,0,2,0,1,0,0,2,2,0,0,17,0,0,0,0,0,0,0,0,26,0,0,mylovelylady
0,0,0,0,0,2,0,1,0,0,2,2,0,0,16,0,0,0,0,0,0,0,0,27,0,0,mylovelywife
0,0,0,0,0,1,0,3,0,0,1,1,0,0,7,0,0,0,0,0,0,0,3,34,0,0,mymobilecoin
0,0,0,0,0,1,0,3,0,0,1,1,0,0,6,0,0,0,0,0,0,0,3,35,0,0,myuniversity
3,2,2,0,0,0,3,28,0,0,0,0,2,0,0,0,0,0,0,0,0,0,8,0,1,0,myysehaammwj
0,0,0,0,0,1,0,0,0,0,1,1,0,0,6,0,0,0,0,0,0,0,3,38,0,0,nasdaqwallet
5,0,0,0,1,0,5,34,0,0,0,0,0,1,0,2,1,0,0,1,0,0,0,0,0,0,ncjuaaodfldg
0,0,0,0,0,2,0,1,0,0,2,2,0,0,16,0,0,0,0,0,0,0,0,27,0,0,neihanduanzi
0,0,0,0,0,1,0,0,0,0,1,1,0,0,7,0,0,0,0,0,0,0,3,37,0,0,netpaywallet
0,0,0,0,0,1,0,0,0,0,1,1,0,0,6,0,0,0,0,0,0,0,3,38,0,0,newdexissuer
0,0,0,0,0,1,0,4,0,0,1,1,0,0,13,0,0,0,0,0,0,0,0,30,0,0,newestwallet
0,0,0,0,0,2,0,1,0,0,2,2,0,0,17,0,0,0,0,0,0,0,0,26,0,0,nextnextnext
0,0,0,0,0,2,0,1,0,0,2,2,0,0,16,0,0,0,0,0,0,0,0,27,0,0,nicestwallet
0,0,0,0,0,2,0,1,0,0,2,2,0,0,15,0,0,0,0,0,0,0,0,28,0,0,nidebianwode
0,0,0,0,0,2,0,1,0,0,2,2,0,0,16,0,0,0,0,0,0,0,0,27,0,0,nobodywallet
0,0,0,0,0,1,0,0,0,0,1,1,0,0,6,0,0,0,0,0,0,0,3,38,0,0,nonracialism
0,0,0,0,0,2,0,1,0,0,2,2,0,0,17,0,0,0,0,0,0,0,0,26,0,0,norwayforest
0,0,0,0,0,1,0,0,0,0,1,1,0,0,6,0,0,0,0,0,0,0,3,38,0,0,notifyplugin
0,0,0,0,0,1,0,3,0,0,1,1,0,0,6,0,0,0,0,0,0,0,3,35,0,0,notingtofear
0,0,0,0,0,1,0,3,0,0,1,1,0,0,5,0,0,0,0,0,0,0,0,39,0,0,notingtolose
3,2,2,0,0,0,3,29,0,0,0,0,2,0,0,0,0,0,0,0,0,0,8,0,1,0,nsmtvuhcvkbn
3,2,2,0,0,0,3,29,0,0,0,0,2,0,0,0,0,0,0,0,0,0,8,0,1,0,nuoqfwjtdqfm
0,0,0,0,0,1,0,3,0,0,1,1,0,0,7,0,0,0,0,0,0,0,3,34,0,0,oceanologist
4,2,2,0,0,0,4,27,0,0,0,0,2,0,0,0,0,0,0,0,0,0,8,0,1,0,ocijhwsqbuql
0,0,0,0,0,1,0,3,0,0,1,1,0,0,6,0,0,0,0,0,0,0,3,35,0,0,odysseyofbos
0,0,0,0,0,1,0,3,0,0,1,1,0,0,6,0,0,0,0,0,0,0,3,35,0,0,odysseyofeos
0,0,0,0,0,1,0,4,0,0,1,1,0,0,13,0,0,0,0,0,0,0,0,30,0,0,officeonline
0,0,0,0,0,1,0,1,0,0,1,1,0,0,17,0,0,0,0,0,0,0,0,29,0,0,officepocket
0,0,0,0,0,1,0,2,0,0,1,1,0,0,14,0,0,0,0,0,0,0,0,31,0,0,ohlovelybaby
0,0,0,0,0,1,0,1,0,0,1,1,0,0,17,0,0,0,0,0,0,0,0,29,0,0,ohlovelygirl
0,0,0,0,0,1,0,0,0,0,1,1,0,0,6,0,0,0,0,0,0,0,3,38,0,0,onceuponabos
0,0,0,0,0,1,0,3,0,0,1,1,0,0,5,0,0,0,0,0,0,0,3,36,0,0,onceuponaeos
0,0,0,0,0,2,0,1,0,0,2,2,0,0,17,0,0,0,0,0,0,0,0,26,0,0,oneeosonecar
0,0,0,0,0,2,0,1,0,0,2,2,0,0,17,0,0,0,0,0,0,0,0,26,0,0,onlineoffice
0,0,0,0,0,1,0,1,0,0,1,1,0,0,17,0,0,0,0,0,0,0,0,29,0,0,onlylovebaby
0,0,0,0,0,1,0,1,0,0,1,1,0,0,15,0,0,0,0,0,0,0,0,31,0,0,onlylovewife
3,2,2,0,0,0,3,27,0,0,0,0,2,0,0,0,0,0,0,0,0,0,8,0,1,0,ooqfjmtkxyfo
0,0,0,0,0,2,0,1,0,0,2,2,0,0,17,0,0,0,0,0,0,0,0,26,0,0,openamerican
0,0,0,0,0,2,0,1,0,0,2,2,0,0,16,0,0,0,0,0,0,0,0,27,0,0,openhangzhou
0,0,0,0,0,2,0,1,0,0,2,2,0,0,17,0,0,0,0,0,0,0,0,26,0,0,openshenzhen
3,2,2,0,0,0,3,26,0,0,0,0,2,0,0,0,0,0,0,0,0,0,8,0,1,0,opxnkmsuxcqb
0,0,0,0,0,2,0,1,0,0,2,2,0,0,17,0,0,0,0,0,0,0,0,26,0,0,ourbravehero
0,0,0,0,0,2,0,1,0,0,2,2,0,0,16,0,0,0,0,0,0,0,0,27,0,0,packetwallet
0,0,0,0,0,1,0,2,0,0,1,1,0,0,15,0,0,0,0,0,0,0,0,30,0,0,pandainchina
0,0,0,0,0,2,0,1,0,0,2,2,0,0,15,0,0,0,0,0,0,0,0,28,0,0,payingwallet
0,0,0,0,0,2,0,1,0,0,2,2,0,0,16,0,0,0,0,0,0,0,0,27,0,0,peoplepeople
0,0,0,0,0,2,0,1,0,0,2,2,0,0,17,0,0,0,0,0,0,0,0,26,0,0,peopleperson
0,0,0,0,0,1,0,4,0,0,1,1,0,0,13,0,0,0,0,0,0,0,0,30,0,0,peoplewallet
0,0,1,0,0,1,0,0,0,0,1,1,0,0,7,0,0,0,0,0,0,0,1,38,0,0,personwallet
3,2,2,0,0,0,3,29,0,0,0,0,2,0,0,0,0,0,0,0,0,0,8,0,1,0,pfgylxtqgrgv
2,2,2,0,0,0,2,19,0,0,0,0,2,0,0,0,0,0,0,0,0,0,8,0,1,0,pgteekocmutd
0,0,0,0,0,2,0,1,0,0,2,2,0,0,16,0,0,0,0,0,0,0,0,27,0,0,philippinebp
0,0,0,0,0,2,0,1,0,0,2,2,0,0,16,0,0,0,0,0,0,0,0,27,0,0,playsnowball
0,0,0,0,0,1,0,4,0,0,1,1,0,0,13,0,0,0,0,0,0,0,0,30,0,0,playveryhigh
0,0,0,0,0,1,0,4,0,0,1,1,0,0,13,0,0,0,0,0,0,0,0,30,0,0,pocketmarket
0,0,0,0,0,1,0,1,0,0,1,1,0,0,15,0,0,0,0,0,0,0,0,31,0,0,pocketoffice
0,0,0,0,0,2,0,1,0,0,2,2,0,0,17,0,0,0,0,0,0,0,0,26,0,0,pocketonline
0,0,0,0,0,2,0,1,0,0,2,2,0,0,16,0,0,0,0,0,0,0,0,27,0,0,pocketwallet
0,0,0,0,0,1,0,2,0,0,1,1,0,0,6,0,0,0,0,0,0,0,0,39,0,0,precaculated
0,0,0,0,0,1,0,3,0,0,1,1,0,0,6,0,0,0,0,0,0,0,3,35,0,0,predecessor1
0,0,0,0,0,1,0,0,0,0,1,1,0,0,6,0,0,0,0,0,0,0,3,38,0,0,predominance
0,0,0,0,0,1,0,3,0,0,1,1,0,0,6,0,0,0,0,0,0,0,3,35,0,0,presciencbos
0,0,0,0,0,1,0,3,0,0,1,1,0,0,6,0,0,0,0,0,0,0,3,35,0,0,prescienceos
0,0,0,0,0,1,0,3,0,0,1,1,0,0,6,0,0,0,0,0,0,0,3,35,0,0,presentiment
0,0,0,0,0,1,0,3,0,0,1,1,0,0,6,0,0,0,0,0,0,0,3,35,0,0,prevailingos
5,2,0,0,0,0,4,34,1,0,0,0,0,0,0,1,1,0,0,0,1,0,0,0,0,1,pzhjiwapbcwn
0,0,0,0,0,1,0,2,0,0,1,1,0,0,13,0,0,0,0,0,0,0,0,32,0,0,qingtingwode
0,0,0,0,0,2,0,1,0,0,2,2,0,0,15,0,0,0,0,0,0,0,0,28,0,0,qinqinbaobei
0,0,0,0,0,2,0,1,0,0,2,2,0,0,16,0,0,0,0,0,0,0,0,27,0,0,quicksupport
0,0,0,0,0,1,0,3,0,0,1,1,0,0,6,0,0,0,0,0,0,0,3,35,0,0,quitarwallet
3,2,2,0,0,0,3,26,0,0,0,0,2,0,0,0,0,0,0,0,0,0,8,0,1,0,qwoxyzwtjldt
0,0,0,0,0,1,0,3,0,0,1,1,0,0,5,0,0,0,0,0,0,0,0,39,0,0,ramfeewallet
0,0,0,0,0,2,0,1,0,0,2,2,0,0,17,0,0,0,0,0,0,0,0,26,0,0,randomrandom
0,0,0,0,0,1,0,2,0,0,1,1,0,0,14,0,0,0,0,0,0,0,0,31,0,0,randomwallet
3,3,2,0,0,0,3,27,0,0,0,0,2,0,0,0,0,0,0,0,0,0,8,0,1,0,rbxrizbwbgmf
0,0,0,0,0,1,0,3,0,0,1,1,0,0,5,0,0,0,0,0,0,0,3,36,0,0,reallywallet
0,0,0,0,0,2,0,1,0,0,2,2,0,0,17,0,0,0,0,0,0,0,0,26,0,0,redhappiness
0,0,0,0,0,2,0,1,0,0,2,2,0,0,16,0,0,0,0,0,0,0,0,27,0,0,redloveheart
0,0,0,0,0,2,0,1,0,0,2,2,0,0,15,0,0,0,0,0,0,0,0,28,0,0,reliabledice
0,0,0,0,0,2,0,1,0,0,2,2,0,0,17,0,0,0,0,0,0,0,0,26,0,0,reliablegame
0,0,0,0,0,1,0,4,0,0,1,1,0,0,15,0,0,0,0,0,0,0,0,28,0,0,reliablehero
0,0,0,0,0,2,0,1,0,0,2,2,0,0,16,0,0,0,0,0,0,0,0,27,0,0,reliablewife
0,0,0,0,0,2,0,1,0,0,2,2,0,0,16,0,0,0,0,0,0,0,0,27,0,0,renminwansui
0,0,0,0,0,2,0,1,0,0,2,2,0,0,15,0,0,0,0,0,0,0,0,28,0,0,renrenchaobi
3,2,2,0,0,0,3,26,0,0,1,0,2,0,0,0,0,0,0,0,0,0,8,0,1,0,resdjsqwcugp
0,0,0,0,0,1,0,0,0,0,1,1,0,0,6,0,0,0,0,0,0,0,3,38,0,0,reservoirbos
0,0,0,0,0,1,0,4,0,0,1,1,0,0,13,0,0,0,0,0,0,0,0,30,0,0,returnwallet
0,0,0,0,0,1,0,3,0,0,1,1,0,0,5,0,0,0,0,0,0,0,3,36,0,0,revolutionos
3,2,2,0,0,0,3,24,0,0,0,0,2,0,0,0,0,0,0,0,0,0,8,0,0,0,rfdytxkouydn
3,1,1,0,0,0,3,29,0,0,1,0,2,0,0,1,1,0,0,0,0,0,7,0,1,0,rhywwitlphkv
0,0,0,0,0,1,0,0,0,0,1,1,0,0,5,0,0,0,0,0,0,0,3,39,0,0,richardnixon
0,0,0,0,0,1,0,4,0,0,1,1,0,0,13,0,0,0,0,0,0,0,0,30,0,0,ringkingback
4,2,2,0,0,0,4,28,0,0,0,0,2,0,0,0,0,0,0,0,0,0,8,0,0,0,rlsylqmikgbb
3,2,2,0,0,0,3,26,0,0,0,0,2,0,0,0,0,0,0,0,0,0,8,0,1,0,roihfvujrqhv
0,0,0,1,0,0,0,32,0,1,0,0,0,0,0,0,0,2,1,0,0,0,13,0,0,0,rxvoidwyvrtr
0,0,0,0,0,2,0,1,0,0,2,2,0,0,16,0,0,0,0,0,0,0,0,27,0,0,safesafesafe
0,0,0,0,0,2,0,1,0,0,2,2,0,0,16,0,0,0,0,0,0,0,0,27,0,0,safestwallet
0,0,0,0,0,1,0,3,0,0,1,1,0,0,6,0,0,0,0,0,0,0,3,35,0,0,sailorwallet
0,0,0,0,0,1,0,3,0,0,1,1,0,0,5,0,0,0,0,0,0,0,3,36,0,0,salarywallet
0,0,0,0,0,2,0,1,0,0,2,2,0,0,16,0,0,0,0,0,0,0,0,27,0,0,samesamesame
0,0,0,0,0,2,0,1,0,0,2,2,0,0,17,0,0,0,0,0,0,0,0,26,0,0,searchwallet
0,0,0,0,0,2,0,1,0,0,2,2,0,0,17,0,0,0,0,0,0,0,0,26,0,0,securityswap
0,0,0,0,0,1,0,3,0,0,1,1,0,0,6,0,0,0,0,0,0,0,3,35,0,0,seismologist
0,0,0,0,0,2,0,1,0,0,2,2,0,0,17,0,0,0,0,0,0,0,0,26,0,0,sellaccounts
0,0,0,0,0,2,0,1,0,0,2,2,0,0,17,0,0,0,0,0,0,0,0,26,0,0,sexilyenough
2,2,2,0,0,0,2,22,0,0,0,0,2,0,0,0,0,0,0,0,0,0,8,0,1,0,sgdnghumgjja
0,0,0,0,0,1,0,0,0,0,1,1,0,0,7,0,0,0,0,0,0,0,3,37,0,0,shadowwallet
0,0,0,0,0,2,0,1,0,0,2,2,0,0,16,0,0,0,0,0,0,0,0,27,0,0,shanghaibang
0,0,0,0,0,2,0,1,0,0,2,2,0,0,16,0,0,0,0,0,0,0,0,27,0,0,shanghaihero
0,0,0,0,0,2,0,1,0,0,2,2,0,0,17,0,0,0,0,0,0,0,0,26,0,0,shanghaishow
0,0,0,0,0,2,0,1,0,0,2,2,0,0,16,0,0,0,0,0,0,0,0,27,0,0,shellcapital
0,0,0,0,0,1,0,4,0,0,1,1,0,0,13,0,0,0,0,0,0,0,0,30,0,0,shenzhenhero
0,0,0,0,0,1,0,2,0,0,1,1,0,0,14,0,0,0,0,0,0,0,0,31,0,0,shenzhenshow
0,0,0,0,0,1,0,1,0,0,1,1,0,0,17,0,0,0,0,0,0,0,0,29,0,0,shgovernment
0,0,0,0,0,1,0,4,0,0,1,1,0,0,13,0,0,0,0,0,0,0,0,30,0,0,showyourcode
0,0,0,0,0,1,0,1,0,0,1,1,0,0,4,0,0,0,0,0,0,0,3,39,0,0,shuangbaotai
0,0,0,0,0,2,0,1,0,0,2,2,0,0,17,0,0,0,0,0,0,0,0,26,0,0,shuxuelaoshi
0,0,0,0,0,1,0,4,0,0,1,1,0,0,13,0,0,0,0,0,0,0,0,30,0,0,shuzibanquan
0,0,0,0,0,2,0,1,0,0,2,2,0,0,16,0,0,0,0,0,0,0,0,27,0,0,shuzibaoxian
0,0,0,0,0,2,0,1,0,0,2,2,0,0,16,0,0,0,0,0,0,0,0,27,0,0,shuzixiaofei
0,0,0,0,0,1,0,2,0,0,1,1,0,0,14,0,0,0,0,0,0,0,0,31,0,0,sidechainbtc
0,0,0,0,0,2,0,1,0,0,2,2,0,0,16,0,0,0,0,0,0,0,0,27,0,0,sidechaineth
0,0,0,0,0,1,0,0,0,0,1,1,0,0,6,0,0,0,0,0,0,0,3,38,0,0,siliconalley
0,0,0,0,0,1,0,4,0,0,1,1,0,0,13,0,0,0,0,0,0,0,0,30,0,0,simplepocket
0,0,0,0,0,2,0,1,0,0,2,2,0,0,16,0,0,0,0,0,0,0,3,24,0,0,singlepocket
3,2,2,0,0,0,3,26,0,0,0,0,2,0,0,0,0,0,0,0,0,0,8,0,0,0,sjsoktwsberf
0,0,0,0,0,2,0,1,0,0,2,2,0,0,15,0,0,0,0,0,0,0,0,28,0,0,slamdunkstar
0,0,0,0,0,2,0,1,0,0,2,2,0,0,16,0,0,0,0,0,0,0,0,27,0,0,snowballroll
0,0,0,0,0,2,0,1,0,0,2,2,0,0,17,0,0,0,0,0,0,0,0,26,0,0,snowballsite
3,2,2,0,0,0,3,24,0,0,0,0,2,0,0,0,0,0,0,0,0,0,8,0,0,0,sochazwpsvhl
0,0,0,0,0,2,0,1,0,0,2,2,0,0,17,0,0,0,0,0,0,0,0,26,0,0,spacequestbp
0,0,0,0,0,2,0,1,0,0,2,2,0,0,17,0,0,0,0,0,0,0,0,26,0,0,spainwillwin
0,0,0,0,0,2,0,1,0,0,2,2,0,0,16,0,0,0,0,0,0,0,0,27,0,0,speedcapital
0,0,0,0,0,1,0,1,0,0,1,1,0,0,17,0,0,0,0,0,0,0,0,29,0,0,speedonefund
0,0,0,0,0,2,0,1,0,0,2,2,0,0,15,0,0,0,0,0,0,0,0,28,0,0,spiritspirit
0,0,0,0,0,1,0,3,0,0,1,1,0,0,6,0,0,0,0,0,0,0,3,35,0,0,spiritwallet
0,0,0,0,0,1,0,3,0,0,1,1,0,0,5,0,0,0,0,0,0,0,3,36,0,0,springwallet
3,2,2,0,0,0,3,26,0,0,0,0,2,0,0,0,0,0,0,0,0,0,8,0,1,0,ssgwelqtogma
0,0,0,0,0,1,0,0,0,0,1,1,0,0,6,0,0,0,0,0,0,0,3,38,0,0,sssseeeexxxx
0,0,1,0,0,1,0,0,0,0,1,1,0,0,7,0,0,0,0,0,0,0,1,38,0,0,sssshhhheeee
0,0,0,0,0,1,0,3,0,0,1,1,0,0,7,0,0,0,0,0,0,0,3,34,0,0,stakedwallet
0,0,0,0,0,1,0,0,0,0,1,1,0,0,6,0,0,0,0,0,0,0,3,38,0,0,starteos1314
0,0,0,0,0,1,0,3,0,0,1,1,0,0,6,0,0,0,0,0,0,0,3,35,0,0,stillloveyou
0,0,0,0,0,1,0,0,0,0,1,1,0,0,7,0,0,0,0,0,0,0,3,37,0,0,streamwallet
0,0,0,0,0,1,0,0,0,0,1,1,0,0,6,0,0,0,0,0,0,0,3,38,0,0,streetlights
0,0,0,0,0,1,0,3,0,0,1,1,0,0,6,0,0,0,0,0,0,0,3,35,0,0,studiowallet
0,0,0,0,0,2,0,1,0,0,2,2,0,0,17,0,0,0,0,0,0,0,0,26,0,0,suityourself
0,0,0,0,0,1,0,0,0,0,1,1,0,0,6,0,0,0,0,0,0,0,3,38,0,0,summerwallet
0,0,0,0,0,2,0,1,0,0,2,2,0,0,15,0,0,0,0,0,0,0,0,28,0,0,superbeijing
0,0,0,0,0,1,0,2,0,0,1,1,0,0,14,0,0,0,0,0,0,0,0,31,0,0,superchinese
0,0,0,0,0,2,0,1,0,0,2,2,0,0,16,0,0,0,0,0,0,0,0,27,0,0,superheroboy
0,0,0,0,0,1,0,2,0,0,1,1,0,0,14,0,0,0,0,0,0,0,0,31,0,0,suzhouwallet
0,0,0,0,0,1,0,3,0,0,1,1,0,0,6,0,0,0,0,0,0,0,3,35,0,0,symbolwallet
0,0,0,0,0,2,0,1,0,0,2,2,0,0,16,0,0,0,0,0,0,0,0,27,0,0,taizhouchina
0,0,0,0,0,2,0,1,0,0,2,2,0,0,17,0,0,0,0,0,0,0,0,26,0,0,takeyourhand
0,0,0,0,0,1,0,0,0,0,1,1,0,0,7,0,0,0,0,0,0,0,3,37,0,0,tangjinghang
0,0,0,0,0,1,0,0,0,0,1,1,0,0,6,0,0,0,0,0,0,0,3,38,0,0,thatsclassic
0,0,0,0,0,1,0,0,0,0,1,1,0,0,6,0,0,0,0,0,0,0,3,38,0,0,the1stwallet
0,0,0,0,0,1,0,0,0,0,1,1,0,0,6,0,0,0,0,0,0,0,3,38,0,0,the2ndwallet
0,0,0,0,0,1,0,0,0,0,1,1,0,0,7,0,0,0,0,0,0,0,3,37,0,0,the3rdwallet
0,0,0,0,0,1,0,0,0,0,1,1,0,0,6,0,0,0,0,0,0,0,3,38,0,0,the4thwallet
0,0,0,0,0,1,0,0,0,0,1,1,0,0,7,0,0,0,0,0,0,0,3,37,0,0,the52hzwhale
0,0,0,0,0,1,0,0,0,0,1,1,0,0,7,0,0,0,0,0,0,0,3,37,0,0,the5thwallet
0,0,0,0,0,1,0,0,0,0,1,1,0,0,14,0,0,0,0,0,0,0,0,33,0,0,thedappstore
0,0,0,0,0,1,0,1,0,0,2,1,0,0,16,0,0,0,0,0,0,0,0,29,0,0,thefirstdate
0,0,0,0,0,2,0,1,0,0,2,2,0,0,16,0,0,0,0,0,0,0,0,27,0,0,thefirstgame
0,0,0,0,0,2,0,1,0,0,2,2,0,0,16,0,0,0,0,0,0,0,0,27,0,0,thefirstgril
0,0,0,0,0,2,0,1,0,0,2,2,0,0,16,0,0,0,0,0,0,0,0,27,0,0,thefirstkiss
0,0,0,0,0,2,0,1,0,0,2,2,0,0,17,0,0,0,0,0,0,0,0,26,0,0,thefirstlove
0,0,0,0,0,2,0,1,0,0,2,2,0,0,16,0,0,0,0,0,0,0,0,27,0,0,thefirstnoel
0,0,0,0,0,2,0,1,0,0,2,2,0,0,16,0,0,0,0,0,0,0,0,27,0,0,thefirstshop
0,0,0,0,0,2,0,1,0,0,2,2,0,0,16,0,0,0,0,0,0,0,0,27,0,0,thefirstsnow
0,0,0,0,0,1,0,1,0,0,1,1,0,0,15,0,0,0,0,0,0,0,0,31,0,0,thefirststep
0,0,0,0,0,2,0,1,0,0,2,2,0,0,16,0,0,0,0,0,0,0,0,27,0,0,theflatworld
0,0,0,0,0,2,0,1,0,0,2,2,0,0,17,0,0,0,0,0,0,0,0,26,0,0,themostbrave
0,0,0,0,0,1,0,4,0,0,1,1,0,0,13,0,0,0,0,0,0,0,0,30,0,0,themostcrazy
0,0,0,0,0,2,0,1,0,0,2,2,0,0,17,0,0,0,0,0,0,0,0,26,0,0,themosthappy
0,0,0,0,0,2,0,1,0,0,2,2,0,0,16,0,0,0,0,0,0,0,0,27,0,0,themostlucky
0,0,0,0,0,2,0,1,0,0,2,2,0,0,15,0,0,0,0,0,0,0,0,28,0,0,themostsmart
0,0,0,0,0,1,0,3,0,0,1,1,0,0,7,0,0,0,0,0,0,0,3,34,0,0,thinkaboutit
0,0,0,0,0,2,0,1,0,0,2,2,0,0,16,0,0,0,0,0,0,0,0,27,0,0,thinknothing
4,2,2,0,0,0,4,28,0,0,0,0,2,0,0,0,0,0,0,0,0,0,8,0,0,0,thqkpnzzqvwi
0,0,0,0,0,2,0,1,0,0,2,2,0,0,17,0,0,0,0,0,0,0,0,26,0,0,threesixzero
2,2,2,0,0,0,2,21,0,0,0,0,2,0,0,0,0,0,0,0,0,0,8,0,1,0,thscrdyqjlhl
0,0,0,0,0,2,0,1,0,0,2,2,0,0,16,0,0,0,0,0,0,0,0,27,0,0,tianjindaxue
0,0,0,0,0,2,0,1,0,0,2,2,0,0,15,0,0,0,0,0,0,0,0,28,0,0,tianpinglian
0,0,0,0,0,2,0,1,0,0,2,2,0,0,16,0,0,0,0,0,0,0,0,27,0,0,tianshitouzi
0,0,0,0,0,2,0,1,0,0,2,2,0,0,16,0,0,0,0,0,0,0,0,27,0,0,tiantianxiao
0,0,0,0,0,1,0,0,0,0,1,1,0,0,6,0,0,0,0,0,0,0,3,38,0,0,tobeagoodman
0,0,0,0,0,2,0,1,0,0,2,2,0,0,17,0,0,0,0,0,0,0,0,26,0,0,tokeneosusdt
0,0,0,0,0,1,0,2,0,0,1,1,0,0,13,0,0,0,0,0,0,0,3,29,0,0,tokyohotclub
0,0,1,0,0,1,0,4,0,0,1,1,0,0,8,0,0,0,0,0,0,0,1,33,0,0,tokyohotdapp
0,0,0,0,0,1,0,0,0,0,1,1,0,0,9,0,0,0,0,0,0,0,3,35,0,0,tokyohotgame
0,0,0,0,0,1,0,0,0,0,1,1,0,0,12,0,0,0,0,0,0,0,3,32,0,0,tokyohotgirl
0,0,0,0,0,2,0,1,0,0,2,2,0,0,15,0,0,0,0,0,0,0,0,28,0,0,tongchengbao
0,0,0,0,0,2,0,1,0,0,2,2,0,0,17,0,0,0,0,0,0,0,0,26,0,0,tongchenghui
0,0,0,0,0,2,0,1,0,0,2,2,0,0,16,0,0,0,0,0,0,0,0,27,0,0,topbtcwallet
0,0,0,0,0,2,0,1,0,0,2,2,0,0,16,0,0,0,0,0,0,0,0,27,0,0,topofthelife
0,0,0,0,0,2,0,1,0,0,2,2,0,0,17,0,0,0,0,0,0,0,0,26,0,0,topoftherock
0,0,0,0,0,2,0,1,0,0,2,2,0,0,16,0,0,0,0,0,0,0,0,27,0,0,touzijiqiren
0,0,0,0,0,2,0,1,0,0,2,2,0,0,16,0,0,0,0,0,0,0,0,27,0,0,touzipingtai
0,0,0,0,0,2,0,1,0,0,2,2,0,0,16,0,0,0,0,0,0,0,0,27,0,0,tradeaccount
0,0,0,0,0,2,0,1,0,0,2,2,0,0,15,0,0,0,0,0,0,0,0,28,0,0,tradingrobot
0,0,0,0,0,2,0,1,0,0,2,2,0,0,16,0,0,0,0,0,0,0,0,27,0,0,travelaround
0,0,0,0,0,2,0,1,0,0,2,2,0,0,16,0,0,0,0,0,0,0,0,27,0,0,truelovebaby
0,0,0,0,0,1,0,1,0,0,1,1,0,0,17,0,0,0,0,0,0,0,0,29,0,0,truelovegame
0,0,0,0,0,1,0,1,0,0,1,1,0,0,17,0,0,0,0,0,0,0,0,29,0,0,truelovegril
0,0,0,0,0,2,0,0,0,0,2,2,1,0,17,0,0,0,0,0,0,0,0,26,0,0,truelovewife
0,0,0,0,0,1,0,4,0,0,1,1,0,0,13,0,0,0,0,0,0,0,0,30,0,0,truetruetrue
0,0,0,0,0,2,0,1,0,0,2,2,0,0,15,0,0,0,0,0,0,0,0,28,0,0,uareluckydog
0,0,0,0,0,1,0,3,0,0,1,1,0,0,6,0,0,0,0,0,0,0,3,35,0,0,unstoppable1
0,0,0,0,0,1,0,3,0,0,1,1,0,0,7,0,0,0,0,0,0,0,3,34,0,0,unstoppable2
0,0,0,0,0,1,0,3,0,0,1,1,0,0,6,0,0,0,0,0,0,0,3,35,0,0,unstoppable3
0,0,0,0,0,1,0,3,0,0,1,1,0,0,6,0,0,0,0,0,0,0,3,35,0,0,unstoppable5
0,0,0,0,0,2,0,1,0,0,2,2,0,0,17,0,0,0,0,0,0,0,0,26,0,0,usdchangeeos
0,0,0,0,0,1,0,2,0,0,1,1,0,0,5,0,0,0,0,0,0,0,0,40,0,0,userpassword
3,4,2,0,0,0,3,26,0,0,0,0,2,0,0,0,0,0,0,0,0,0,8,0,2,0,uzfzmmzdolhn
0,0,0,0,0,2,0,1,0,0,2,2,0,0,16,0,0,0,0,0,0,0,0,27,0,0,vaktholdings
0,2,2,0,0,0,0,7,0,0,0,0,2,0,0,0,0,0,0,0,0,0,8,0,0,0,vbjyrdtxpzzv
0,0,0,0,0,2,0,1,0,0,2,2,0,0,16,0,0,0,0,0,0,0,0,27,0,0,verybestbaby
0,0,0,0,0,1,0,1,0,0,1,1,0,0,15,0,0,0,0,0,0,0,0,31,0,0,verybestgril
0,0,0,0,0,2,0,1,0,0,2,2,0,0,16,0,0,0,0,0,0,0,0,27,0,0,verygoodbaby
0,0,0,0,0,2,0,1,0,0,2,2,0,0,16,0,0,0,0,0,0,0,0,27,0,0,verygoodgril
0,0,0,0,0,2,0,1,0,0,2,2,0,0,17,0,0,0,0,0,0,0,0,26,0,0,verylovebaby
0,0,0,0,0,2,0,1,0,0,2,2,0,0,16,0,0,0,0,0,0,0,0,27,0,0,verylovewife
0,0,0,0,0,2,0,1,0,0,2,2,0,0,16,0,0,0,0,0,0,0,0,27,0,0,veryluckydog
0,0,0,0,0,2,0,1,0,0,2,2,0,0,17,0,0,0,0,0,0,0,0,26,0,0,veryluckyguy
0,0,0,0,0,2,0,1,0,0,2,2,0,0,17,0,0,0,0,0,0,0,0,26,0,0,verypuregirl
0,0,0,0,0,2,0,1,0,0,2,2,0,0,17,0,0,0,0,0,0,0,0,26,0,0,verysexygirl
0,0,0,0,0,2,0,1,0,0,2,2,0,0,17,0,0,0,0,0,0,0,0,26,0,0,verysexylady
0,0,0,0,0,2,0,1,0,0,2,2,0,0,16,0,0,0,0,0,0,0,0,27,0,0,veryverywell
0,0,0,0,0,1,0,3,0,0,1,1,0,0,6,0,0,0,0,0,0,0,3,35,0,0,vicugnapacos
0,0,0,0,0,2,0,1,0,0,2,2,0,0,16,0,0,0,0,0,0,0,0,27,0,0,vivovivovivo
0,0,0,0,0,1,0,2,0,0,1,1,0,0,14,0,0,0,0,0,0,0,0,31,0,0,voiceofchina
0,0,0,0,0,2,0,1,0,0,2,2,0,0,17,0,0,0,0,0,0,0,0,26,0,0,votevotevote
3,3,2,0,0,0,3,28,0,0,0,0,2,0,0,0,0,0,0,0,0,0,8,0,1,0,vptjijaubjss
3,2,2,0,0,0,3,27,0,0,0,0,2,0,0,0,0,0,0,0,0,0,8,0,1,0,vrsgqgxujjow
0,0,0,0,0,2,0,1,0,0,2,2,0,0,16,0,0,0,0,0,0,0,0,27,0,0,wakuangyouxi
0,0,0,0,0,1,0,1,0,0,1,1,0,0,15,0,0,0,0,0,0,0,0,31,0,0,walkworkword
0,0,0,0,0,1,0,0,0,0,1,1,0,0,6,0,0,0,0,0,0,0,3,38,0,0,walletmobile
0,0,0,0,0,2,0,1,0,0,2,2,0,0,17,0,0,0,0,0,0,0,0,26,0,0,wangfengying
0,0,0,0,0,2,0,1,0,0,2,2,0,0,16,0,0,0,0,0,0,0,0,27,0,0,wangguixiang
0,0,0,0,0,2,0,1,0,0,2,2,0,0,15,0,0,0,0,0,0,0,0,28,0,0,wangluogouwu
0,0,0,0,0,2,0,1,0,0,2,2,0,0,16,0,0,0,0,0,0,0,0,27,0,0,wangluoyouxi
0,0,0,0,0,1,0,2,0,0,1,1,0,0,14,0,0,0,0,0,0,0,0,31,0,0,wangluozhifu
0,0,0,0,0,2,0,1,0,0,2,2,0,0,17,0,0,0,0,0,0,0,0,26,0,0,wantyourlove
4,3,1,0,0,0,4,28,0,0,0,0,2,0,0,0,0,0,0,0,0,0,7,0,1,0,wcrqcrdsgoeo
3,2,2,0,0,0,3,26,0,0,0,0,2,0,0,0,0,0,0,0,0,0,8,0,1,0,wdpezdzohgio
0,0,0,0,0,2,0,1,0,0,2,2,0,0,17,0,0,0,0,0,0,0,0,26,0,0,wechatpay123
0,0,0,0,0,2,0,1,0,0,2,2,0,0,17,0,0,0,0,0,0,0,0,26,0,0,weimitianshi
0,0,0,0,0,2,0,1,0,0,2,2,0,0,15,0,0,0,0,0,0,0,0,28,0,0,weiqiguoshou
0,0,0,0,0,2,0,1,0,0,2,2,0,0,16,0,0,0,0,0,0,0,0,27,0,0,whaleexcandy
0,0,0,0,0,1,0,4,0,0,1,1,0,0,13,0,0,0,0,0,0,0,0,30,0,0,whaleexgroup
0,0,0,0,0,1,0,1,0,0,1,1,0,0,15,0,0,0,0,0,0,0,0,31,0,0,whaleextrade
0,0,0,0,0,2,0,1,0,0,2,2,0,0,17,0,0,0,0,0,0,0,0,26,0,0,whynotalipay
0,0,0,0,0,2,0,1,0,0,2,2,0,0,17,0,0,0,0,0,0,0,0,26,0,0,whynotgoogle
0,0,0,0,0,1,0,2,0,0,1,1,0,0,5,0,0,0,0,0,0,0,1,39,0,0,whywhywhywhy
0,0,0,0,0,2,0,1,0,0,2,2,0,0,17,0,0,0,0,0,0,0,0,26,0,0,wifecometrue
0,0,0,0,0,1,0,2,0,0,1,1,0,0,14,0,0,0,0,0,0,0,0,31,0,0,wifewifewife
0,0,0,0,0,2,0,1,0,0,2,2,0,0,16,0,0,0,0,0,0,0,0,27,0,0,willingheart
0,0,0,0,0,1,0,3,0,0,1,1,0,0,7,0,0,0,0,0,0,0,3,34,0,0,windowwallet
0,0,0,0,0,1,0,0,0,0,1,1,0,0,6,0,0,0,0,0,0,0,3,38,0,0,wineredheart
0,0,0,0,0,2,0,1,0,0,2,2,0,0,17,0,0,0,0,0,0,0,0,26,0,0,wininbeijing
0,0,0,0,0,2,0,1,0,0,2,2,0,0,17,0,0,0,0,0,0,0,0,26,0,0,wininbritain
0,0,0,0,0,2,0,0,0,0,2,2,1,0,17,0,0,0,0,0,0,0,0,26,0,0,wininenglish
0,0,0,0,0,2,0,1,0,0,2,2,0,0,16,0,0,0,0,0,0,0,0,27,0,0,winingermany
0,0,0,0,0,2,0,1,0,0,2,2,0,0,16,0,0,0,0,0,0,0,0,27,0,0,winnerinlife
0,0,0,0,0,1,0,4,0,0,1,1,0,0,13,0,0,0,0,0,0,0,0,30,0,0,winneroflife
0,0,0,0,0,2,0,1,0,0,2,2,0,0,16,0,0,0,0,0,0,0,0,27,0,0,winningineos
0,0,0,0,0,1,0,2,0,0,1,1,0,0,5,0,0,0,0,0,0,0,0,40,0,0,winterwallet
0,0,0,0,0,1,0,3,0,0,1,1,0,0,6,0,0,0,0,0,0,0,3,35,0,0,wisdomwallet
0,0,0,0,0,2,0,1,0,0,2,2,0,0,16,0,0,0,0,0,0,0,0,27,0,0,wisewidewife
0,0,0,0,0,2,0,1,0,0,2,2,0,0,16,0,0,0,0,0,0,0,0,27,0,0,wisewildwife
0,0,0,0,0,1,0,0,0,0,1,1,0,0,7,0,0,0,0,0,0,0,3,37,0,0,wishthislove
0,0,0,0,0,2,0,1,0,0,2,2,0,0,16,0,0,0,0,0,0,0,0,27,0,0,withoutannoy
0,0,0,0,0,2,0,1,0,0,2,2,0,0,17,0,0,0,0,0,0,0,0,26,0,0,wodebiannide
0,0,0,0,0,2,0,1,0,0,2,2,0,0,17,0,0,0,0,0,0,0,0,26,0,0,wodiaonidaye
0,0,0,0,0,2,0,1,0,0,2,2,0,0,17,0,0,0,0,0,0,0,0,26,0,0,woqunidayede
0,0,0,0,0,1,0,2,0,0,1,1,0,0,13,0,0,0,0,0,0,0,0,32,0,0,woshilaowang
0,0,0,0,0,2,0,1,0,0,2,2,0,0,17,0,0,0,0,0,0,0,0,26,0,0,woyaodashang
0,0,0,0,0,2,0,1,0,0,2,2,0,0,15,0,0,0,0,0,0,0,0,28,0,0,woyaoshoufei
0,0,0,0,0,2,0,1,0,0,2,2,0,0,16,0,0,0,0,0,0,0,0,27,0,0,woyaotoupiao
0,0,0,0,0,2,0,1,0,0,2,2,0,0,16,0,0,0,0,0,0,0,0,27,0,0,wwwamazoncom
2,2,2,0,0,0,2,21,0,0,1,0,2,0,0,0,0,0,0,0,0,0,8,0,1,0,wwwjgimzjqyg
0,0,0,0,0,1,0,0,0,0,1,1,0,0,6,0,0,0,0,0,0,0,3,38,0,0,wwwweeeebbbb
0,0,0,0,0,1,0,0,0,0,1,1,0,0,7,0,0,0,0,0,0,0,3,37,0,0,wwwwhhhhyyyy
0,0,0,0,0,1,0,3,0,0,1,1,0,0,7,0,0,0,0,0,0,0,3,34,0,0,wwwwiiiinnnn
0,0,0,0,0,1,0,0,0,0,1,1,0,0,6,0,0,0,0,0,0,0,3,38,0,0,wwwwoooowwww
3,2,2,0,0,0,3,26,0,0,0,0,2,0,0,0,0,0,0,0,0,0,8,0,1,0,xavgkyfbhqvj
0,0,0,0,0,2,0,1,0,0,2,2,0,0,15,0,0,0,0,0,0,0,0,28,0,0,xianggangshi
0,0,0,0,0,1,0,1,0,0,1,1,0,0,15,0,0,0,0,0,0,0,0,31,0,0,xiaoduzaijia
0,0,0,0,0,2,0,1,0,0,2,2,0,0,15,0,0,0,0,0,0,0,0,28,0,0,xiaoyuzaijia
0,0,0,0,0,2,0,1,0,0,2,2,0,0,15,0,0,0,0,0,0,0,0,28,0,0,xiaozhupeiqi
0,0,0,0,0,2,0,1,0,0,2,2,0,0,15,0,0,0,0,0,0,0,0,28,0,0,xinxinrenlei
0,0,0,0,0,2,0,1,0,0,2,2,0,0,16,0,0,0,0,0,0,0,0,27,0,0,xinyuanjieyi
0,0,0,0,0,1,0,1,0,0,1,1,0,0,15,0,0,0,0,0,0,0,0,31,0,0,xiwanghaizai
3,2,2,0,0,0,3,27,0,0,1,0,2,0,0,0,0,0,0,0,0,0,8,0,1,0,xlecufzjiypo
3,2,2,0,0,0,3,26,0,0,0,0,2,0,0,0,0,0,0,0,0,0,8,0,1,0,xomhfmjnyfyb
0,0,0,0,0,2,0,1,0,0,2,2,0,0,17,0,0,0,0,0,0,0,0,26,0,0,xueqiugupiao
0,0,0,0,0,2,0,1,0,0,2,2,0,0,16,0,0,0,0,0,0,0,0,27,0,0,xuexipingtai
2,2,2,0,0,0,2,28,0,0,1,0,2,0,0,1,1,0,0,0,0,0,8,0,1,0,yfrhoeokkbfj
0,0,0,0,0,2,0,1,0,0,2,2,0,0,16,0,0,0,0,0,0,0,0,27,0,0,yiyelianmeng
3,2,2,0,0,0,3,26,0,0,0,0,2,0,0,0,0,0,0,0,0,0,8,0,1,0,ynqmatnitskf
0,0,0,0,0,2,0,1,0,0,2,2,0,0,17,0,0,0,0,0,0,0,0,26,0,0,youcanbuyone
0,0,0,0,0,2,0,1,0,0,2,2,0,0,16,0,0,0,0,0,0,0,0,27,0,0,youhearasong
0,0,0,0,0,2,0,1,0,0,2,2,0,0,16,0,0,0,0,0,0,0,0,27,0,0,yourbestking
0,0,0,0,0,1,0,2,0,0,1,1,0,0,14,0,0,0,0,0,0,0,0,31,0,0,yourcuteface
0,0,0,0,0,2,0,1,0,0,2,2,0,0,17,0,0,0,0,0,0,0,0,26,0,0,yourcutegirl
0,0,0,0,0,1,0,3,0,0,1,1,0,0,6,0,0,0,0,0,0,0,3,35,0,0,yourewelcome
0,0,0,0,0,1,0,5,0,0,1,1,0,0,13,0,0,0,0,0,0,0,0,29,0,0,yourkingback
0,0,0,0,0,1,0,4,0,0,1,1,0,0,13,0,0,0,0,0,0,0,0,30,0,0,yourpuregirl
0,0,0,0,0,2,0,1,0,0,2,2,0,0,17,0,0,0,0,0,0,0,0,26,0,0,youxipingtai
0,0,0,0,0,1,0,2,0,0,1,1,0,0,14,0,0,0,0,0,0,0,0,31,0,0,youxishoufei
0,0,0,0,0,1,0,5,0,0,1,1,0,0,13,0,0,0,0,0,0,0,0,29,0,0,yuwenjiaoshi
0,0,0,0,0,2,0,1,0,0,2,2,0,0,16,0,0,0,0,0,0,0,0,27,0,0,zaixianzhifu
0,0,0,0,0,2,0,1,0,0,2,2,0,0,17,0,0,0,0,0,0,0,0,26,0,0,zcorporation
4,3,2,0,0,0,4,26,0,0,0,0,2,0,0,0,0,0,0,0,0,0,8,0,1,0,zfcmqkktjbyd
0,0,0,0,0,2,0,1,0,0,2,2,0,0,16,0,0,0,0,0,0,0,0,27,0,0,zhangchunmei
0,0,0,0,0,1,0,1,0,0,1,1,0,0,17,0,0,0,0,0,0,0,0,29,0,0,zhanglanying
0,0,0,0,0,2,0,1,0,0,2,2,0,0,17,0,0,0,0,0,0,0,0,26,0,0,zhangshuzhen
0,0,0,0,0,2,0,1,0,0,2,2,0,0,16,0,0,0,0,0,0,0,0,27,0,0,zhangxiufang
0,0,0,0,0,1,0,1,0,0,1,1,0,0,15,0,0,0,0,0,0,0,0,31,0,0,zhangxiuzhen
0,0,0,0,0,2,0,1,0,0,2,2,0,0,16,0,0,0,0,0,0,0,0,27,0,0,zhengzhoushi
0,0,0,0,0,1,0,4,0,0,1,1,0,0,13,0,0,0,0,0,0,0,0,30,0,0,zheshangbank
0,0,0,0,0,1,0,2,0,0,1,1,0,0,14,0,0,0,0,0,0,0,0,31,0,0,zhiaiyigeren
0,0,0,0,0,2,0,1,0,0,2,2,0,0,17,0,0,0,0,0,0,0,0,26,0,0,zhibopingtai
0,0,0,0,0,2,0,1,0,0,2,2,0,0,15,0,0,0,0,0,0,0,0,28,0,0,zhifupingtai
0,0,0,0,0,2,0,1,0,0,2,2,0,0,15,0,0,0,0,0,0,0,0,28,0,0,zhihuibaobao
0,0,0,0,0,2,0,1,0,0,2,2,0,0,16,0,0,0,0,0,0,0,0,27,0,0,zhishangshui
0,0,0,0,0,2,0,1,0,0,2,2,1,0,15,0,0,0,0,0,0,0,0,27,0,0,zhongchoubao
0,0,0,0,0,2,0,1,0,0,2,2,0,0,16,0,0,0,0,0,0,0,0,27,0,0,zhongjiefuwu
4,3,2,0,0,0,4,25,0,0,0,0,2,0,0,0,0,0,0,0,0,0,8,0,0,0,zhwxrxjaqvlv
0,0,0,0,0,2,0,1,0,0,2,2,0,0,16,0,0,0,0,0,0,0,0,27,0,0,zichanjiaoyi
0,0,0,0,0,2,0,1,0,0,2,2,0,0,16,0,0,0,0,0,0,0,0,27,0,0,zidongjiashi
3,2,2,0,0,0,3,23,0,0,0,0,2,0,0,0,0,0,0,0,0,0,8,0,0,0,ziphfdeqeuch
3,0,0,0,0,0,3,22,0,0,0,0,2,0,0,0,0,0,0,0,0,0,19,0,1,0,znznjeodwfwa
0,0,0,0,0,1,0,4,0,0,1,1,0,0,13,0,0,0,0,0,0,0,0,30,0,0,zongzhiniubi
4,2,2,0,0,0,4,23,0,0,0,0,2,0,0,0,0,0,0,0,0,0,8,0,0,0,zsfegsfegiwh
0,0,0,0,0,2,0,1,0,0,2,2,0,0,16,0,0,0,0,0,0,0,0,27,0,0,zuqiujingcai
0,0,0,0,0,1,0,2,0,0,1,1,0,0,4,0,0,0,0,0,0,0,2,39,0,0,zxcvzxcvzxcv
3,2,2,0,0,0,3,26,0,0,0,0,2,0,0,0,0,0,0,0,0,0,8,0,1,0,zyxsvncdavcs
0,0,0,0,0,1,0,0,0,0,1,1,0,0,6,0,0,0,0,0,0,0,3,38,0,0,zzzziiiipppp
